{
    "counter": {
        "ACTIVE": 9376,
        "INACTIVE": 1760,
        "INVALID": 0,
        "MALICIOUS": 0,
        "SANE": 0,
        "VALID": 0,
        "total": 11136
    },
    "percentage": {
        "ACTIVE": 84.19540229885058,
        "INACTIVE": 15.946362236114886,
        "INVALID": 0,
        "MALICIOUS": 0,
        "SANE": 0,
        "VALID": 0,
        "total": 100.14176453496546
    }
}