{
    "counter": {
        "ACTIVE": 8022,
        "INACTIVE": 1719,
        "INVALID": 0,
        "MALICIOUS": 0,
        "SANE": 0,
        "VALID": 0,
        "total": 9741
    },
    "percentage": {
        "ACTIVE": 82.3529411764706,
        "INACTIVE": 17.738107522443503,
        "INVALID": 0,
        "MALICIOUS": 0,
        "SANE": 0,
        "VALID": 0,
        "total": 100.0910486989141
    }
}