{
    "counter": {
        "ACTIVE": 7922,
        "INACTIVE": 1718,
        "INVALID": 0,
        "MALICIOUS": 0,
        "SANE": 0,
        "VALID": 0,
        "total": 9640
    },
    "percentage": {
        "ACTIVE": 82.17842323651452,
        "INACTIVE": 17.880932556203163,
        "INVALID": 0,
        "MALICIOUS": 0,
        "SANE": 0,
        "VALID": 0,
        "total": 100.05935579271768
    }
}