{
    "counter": {
        "ACTIVE": 9024,
        "INACTIVE": 1747,
        "INVALID": 0,
        "MALICIOUS": 0,
        "SANE": 0,
        "VALID": 0,
        "total": 10771
    },
    "percentage": {
        "ACTIVE": 83.78052177142327,
        "INACTIVE": 16.267808920756124,
        "INVALID": 0,
        "MALICIOUS": 0,
        "SANE": 0,
        "VALID": 0,
        "total": 100.04833069217939
    }
}