{
    "counter": {
        "ACTIVE": 9877,
        "INACTIVE": 1778,
        "INVALID": 2,
        "MALICIOUS": 0,
        "SANE": 0,
        "VALID": 0,
        "total": 11657
    },
    "percentage": {
        "ACTIVE": 84.7302050270224,
        "INACTIVE": 15.28016500515641,
        "INVALID": 0.01726817475392851,
        "MALICIOUS": 0,
        "SANE": 0,
        "VALID": 0,
        "total": 100.02763820693272
    }
}