{
    "counter": {
        "ACTIVE": 7814,
        "INACTIVE": 1711,
        "INVALID": 0,
        "MALICIOUS": 0,
        "SANE": 0,
        "VALID": 0,
        "total": 9525
    },
    "percentage": {
        "ACTIVE": 82.03674540682415,
        "INACTIVE": 17.97080138640899,
        "INVALID": 0,
        "MALICIOUS": 0,
        "SANE": 0,
        "VALID": 0,
        "total": 100.00754679323315
    }
}