{
    "counter": {
        "ACTIVE": 8648,
        "INACTIVE": 1726,
        "INVALID": 0,
        "MALICIOUS": 0,
        "SANE": 0,
        "VALID": 0,
        "total": 10374
    },
    "percentage": {
        "ACTIVE": 83.36225178330442,
        "INACTIVE": 16.84066738218363,
        "INVALID": 0,
        "MALICIOUS": 0,
        "SANE": 0,
        "VALID": 0,
        "total": 100.20291916548804
    }
}