{
    "counter": {
        "ACTIVE": 9735,
        "INACTIVE": 1772,
        "INVALID": 0,
        "MALICIOUS": 0,
        "SANE": 0,
        "VALID": 0,
        "total": 11507
    },
    "percentage": {
        "ACTIVE": 84.60067784826627,
        "INACTIVE": 15.453039155838493,
        "INVALID": 0,
        "MALICIOUS": 0,
        "SANE": 0,
        "VALID": 0,
        "total": 100.05371700410477
    }
}