{
    "counter": {
        "ACTIVE": 2844,
        "INACTIVE": 748,
        "INVALID": 0,
        "MALICIOUS": 0,
        "SANE": 0,
        "VALID": 0,
        "total": 3592
    },
    "percentage": {
        "ACTIVE": 79.17594654788418,
        "INACTIVE": 20.928931169557917,
        "INVALID": 0,
        "MALICIOUS": 0,
        "SANE": 0,
        "VALID": 0,
        "total": 100.1048777174421
    }
}