{
    "counter": {
        "ACTIVE": 11207,
        "INACTIVE": 2090,
        "INVALID": 4,
        "MALICIOUS": 0,
        "SANE": 0,
        "VALID": 0,
        "total": 13301
    },
    "percentage": {
        "ACTIVE": 84.25682279527855,
        "INACTIVE": 15.713104277873844,
        "INVALID": 0.030072926847605444,
        "MALICIOUS": 0.0,
        "SANE": 0.0,
        "VALID": 0.0,
        "total": 100.0
    }
}