{
    "counter": {
        "ACTIVE": 9682,
        "INACTIVE": 1771,
        "INVALID": 0,
        "MALICIOUS": 0,
        "SANE": 0,
        "VALID": 0,
        "total": 11453
    },
    "percentage": {
        "ACTIVE": 84.53680258447568,
        "INACTIVE": 15.47265420234143,
        "INVALID": 0,
        "MALICIOUS": 0,
        "SANE": 0,
        "VALID": 0,
        "total": 100.00945678681711
    }
}