{
    "counter": {
        "ACTIVE": 9835,
        "INACTIVE": 1776,
        "INVALID": 2,
        "MALICIOUS": 0,
        "SANE": 0,
        "VALID": 0,
        "total": 11613
    },
    "percentage": {
        "ACTIVE": 84.68957203134418,
        "INACTIVE": 15.303748384317105,
        "INVALID": 0.01726817475392851,
        "MALICIOUS": 0,
        "SANE": 0,
        "VALID": 0,
        "total": 100.01058859041521
    }
}