{
    "counter": {
        "ACTIVE": 11163,
        "INACTIVE": 2081,
        "INVALID": 4,
        "MALICIOUS": 0,
        "SANE": 0,
        "VALID": 0,
        "total": 13248
    },
    "percentage": {
        "ACTIVE": 84.26177536231884,
        "INACTIVE": 15.708031400966183,
        "INVALID": 0.030193236714975844,
        "MALICIOUS": 0.0,
        "SANE": 0.0,
        "VALID": 0.0,
        "total": 100.0
    }
}