{
    "counter": {
        "ACTIVE": 7714,
        "INACTIVE": 1700,
        "INVALID": 0,
        "MALICIOUS": 0,
        "SANE": 0,
        "VALID": 0,
        "total": 9414
    },
    "percentage": {
        "ACTIVE": 81.94178882515402,
        "INACTIVE": 18.06396769737541,
        "INVALID": 0,
        "MALICIOUS": 0,
        "SANE": 0,
        "VALID": 0,
        "total": 100.00575652252942
    }
}