{
    "counter": {
        "ACTIVE": 11250,
        "INACTIVE": 2092,
        "INVALID": 4,
        "MALICIOUS": 0,
        "SANE": 0,
        "VALID": 0,
        "total": 13346
    },
    "percentage": {
        "ACTIVE": 84.29491982616514,
        "INACTIVE": 15.675108646785553,
        "INVALID": 0.029971527049303164,
        "MALICIOUS": 0.0,
        "SANE": 0.0,
        "VALID": 0.0,
        "total": 100.0
    }
}