{
    "counter": {
        "ACTIVE": 1494,
        "INACTIVE": 74,
        "INVALID": 0,
        "MALICIOUS": 0,
        "SANE": 0,
        "VALID": 0,
        "total": 1568
    },
    "percentage": {
        "ACTIVE": 95.28061224489795,
        "INACTIVE": 4.780361757105943,
        "INVALID": 0,
        "MALICIOUS": 0,
        "SANE": 0,
        "VALID": 0,
        "total": 100.06097400200389
    }
}