{
    "counter": {
        "ACTIVE": 8379,
        "INACTIVE": 1724,
        "INVALID": 0,
        "MALICIOUS": 0,
        "SANE": 0,
        "VALID": 0,
        "total": 10103
    },
    "percentage": {
        "ACTIVE": 82.93576165495398,
        "INACTIVE": 17.22449795184334,
        "INVALID": 0,
        "MALICIOUS": 0,
        "SANE": 0,
        "VALID": 0,
        "total": 100.16025960679733
    }
}