{
    "counter": {
        "ACTIVE": 2425,
        "INACTIVE": 495,
        "INVALID": 0,
        "MALICIOUS": 0,
        "SANE": 0,
        "VALID": 0,
        "total": 2920
    },
    "percentage": {
        "ACTIVE": 83.10486634681288,
        "INACTIVE": 16.95205479452055,
        "INVALID": 0,
        "MALICIOUS": 0,
        "SANE": 0,
        "VALID": 0,
        "total": 100.05692114133343
    }
}