{
    "counter": {
        "ACTIVE": 9493,
        "INACTIVE": 1765,
        "INVALID": 0,
        "MALICIOUS": 0,
        "SANE": 0,
        "VALID": 0,
        "total": 11258
    },
    "percentage": {
        "ACTIVE": 84.32225972641677,
        "INACTIVE": 15.68610024884465,
        "INVALID": 0,
        "MALICIOUS": 0,
        "SANE": 0,
        "VALID": 0,
        "total": 100.00835997526143
    }
}