{
    "counter": {
        "ACTIVE": 11263,
        "INACTIVE": 2092,
        "INVALID": 4,
        "MALICIOUS": 0,
        "SANE": 0,
        "VALID": 0,
        "total": 13359
    },
    "percentage": {
        "ACTIVE": 84.31020285949548,
        "INACTIVE": 15.659854779549368,
        "INVALID": 0.029942360955161316,
        "MALICIOUS": 0.0,
        "SANE": 0.0,
        "VALID": 0.0,
        "total": 100.0
    }
}