{
    "counter": {
        "ACTIVE": 10558,
        "INACTIVE": 1802,
        "INVALID": 4,
        "MALICIOUS": 0,
        "SANE": 0,
        "VALID": 0,
        "total": 12364
    },
    "percentage": {
        "ACTIVE": 85.39307667421546,
        "INACTIVE": 14.601734057207683,
        "INVALID": 0.03235984143677696,
        "MALICIOUS": 0,
        "SANE": 0,
        "VALID": 0,
        "total": 100.02717057285992
    }
}