{
    "counter": {
        "ACTIVE": 8138,
        "INACTIVE": 1723,
        "INVALID": 0,
        "MALICIOUS": 0,
        "SANE": 0,
        "VALID": 0,
        "total": 9861
    },
    "percentage": {
        "ACTIVE": 82.52712706622046,
        "INACTIVE": 17.48173701298701,
        "INVALID": 0,
        "MALICIOUS": 0,
        "SANE": 0,
        "VALID": 0,
        "total": 100.00886407920747
    }
}