{
    "counter": {
        "ACTIVE": 8465,
        "INACTIVE": 1724,
        "INVALID": 0,
        "MALICIOUS": 0,
        "SANE": 0,
        "VALID": 0,
        "total": 10189
    },
    "percentage": {
        "ACTIVE": 83.0797919324762,
        "INACTIVE": 17.22449795184334,
        "INVALID": 0,
        "MALICIOUS": 0,
        "SANE": 0,
        "VALID": 0,
        "total": 100.30428988431953
    }
}