{
    "counter": {
        "ACTIVE": 8026,
        "INACTIVE": 1719,
        "INVALID": 0,
        "MALICIOUS": 0,
        "SANE": 0,
        "VALID": 0,
        "total": 9745
    },
    "percentage": {
        "ACTIVE": 82.36018471010775,
        "INACTIVE": 17.738107522443503,
        "INVALID": 0,
        "MALICIOUS": 0,
        "SANE": 0,
        "VALID": 0,
        "total": 100.09829223255124
    }
}