{
    "counter": {
        "ACTIVE": 7978,
        "INACTIVE": 1719,
        "INVALID": 0,
        "MALICIOUS": 0,
        "SANE": 0,
        "VALID": 0,
        "total": 9697
    },
    "percentage": {
        "ACTIVE": 82.27286789728782,
        "INACTIVE": 17.738107522443503,
        "INVALID": 0,
        "MALICIOUS": 0,
        "SANE": 0,
        "VALID": 0,
        "total": 100.01097541973132
    }
}