{
    "counter": {
        "ACTIVE": 9020,
        "INACTIVE": 1747,
        "INVALID": 0,
        "MALICIOUS": 0,
        "SANE": 0,
        "VALID": 0,
        "total": 10767
    },
    "percentage": {
        "ACTIVE": 83.77449614563017,
        "INACTIVE": 16.267808920756124,
        "INVALID": 0,
        "MALICIOUS": 0,
        "SANE": 0,
        "VALID": 0,
        "total": 100.04230506638629
    }
}