{
    "counter": {
        "ACTIVE": 7888,
        "INACTIVE": 1717,
        "INVALID": 0,
        "MALICIOUS": 0,
        "SANE": 0,
        "VALID": 0,
        "total": 9605
    },
    "percentage": {
        "ACTIVE": 82.12389380530973,
        "INACTIVE": 17.894736842105264,
        "INVALID": 0,
        "MALICIOUS": 0,
        "SANE": 0,
        "VALID": 0,
        "total": 100.018630647415
    }
}