{
    "counter": {
        "ACTIVE": 9985,
        "INACTIVE": 1780,
        "INVALID": 2,
        "MALICIOUS": 0,
        "SANE": 0,
        "VALID": 0,
        "total": 11767
    },
    "percentage": {
        "ACTIVE": 84.85595308914762,
        "INACTIVE": 15.136054421768707,
        "INVALID": 0.01726817475392851,
        "MALICIOUS": 0,
        "SANE": 0,
        "VALID": 0,
        "total": 100.00927568567025
    }
}