{
    "counter": {
        "ACTIVE": 8011,
        "INACTIVE": 1719,
        "INVALID": 0,
        "MALICIOUS": 0,
        "SANE": 0,
        "VALID": 0,
        "total": 9730
    },
    "percentage": {
        "ACTIVE": 82.33299075025694,
        "INACTIVE": 17.738107522443503,
        "INVALID": 0,
        "MALICIOUS": 0,
        "SANE": 0,
        "VALID": 0,
        "total": 100.07109827270044
    }
}