{
    "counter": {
        "ACTIVE": 9641,
        "INACTIVE": 1768,
        "INVALID": 0,
        "MALICIOUS": 0,
        "SANE": 0,
        "VALID": 0,
        "total": 11409
    },
    "percentage": {
        "ACTIVE": 84.50346217898151,
        "INACTIVE": 15.5702333773668,
        "INVALID": 0,
        "MALICIOUS": 0,
        "SANE": 0,
        "VALID": 0,
        "total": 100.07369555634831
    }
}