{
    "counter": {
        "ACTIVE": 8129,
        "INACTIVE": 1722,
        "INVALID": 0,
        "MALICIOUS": 0,
        "SANE": 0,
        "VALID": 0,
        "total": 9851
    },
    "percentage": {
        "ACTIVE": 82.51954116333367,
        "INACTIVE": 17.51958490182114,
        "INVALID": 0,
        "MALICIOUS": 0,
        "SANE": 0,
        "VALID": 0,
        "total": 100.03912606515482
    }
}