{
    "counter": {
        "ACTIVE": 9145,
        "INACTIVE": 1750,
        "INVALID": 0,
        "MALICIOUS": 0,
        "SANE": 0,
        "VALID": 0,
        "total": 10895
    },
    "percentage": {
        "ACTIVE": 83.93758604864617,
        "INACTIVE": 16.133493131741496,
        "INVALID": 0,
        "MALICIOUS": 0,
        "SANE": 0,
        "VALID": 0,
        "total": 100.07107918038767
    }
}