{
    "counter": {
        "ACTIVE": 8394,
        "INACTIVE": 1724,
        "INVALID": 0,
        "MALICIOUS": 0,
        "SANE": 0,
        "VALID": 0,
        "total": 10118
    },
    "percentage": {
        "ACTIVE": 82.9610594979245,
        "INACTIVE": 17.22449795184334,
        "INVALID": 0,
        "MALICIOUS": 0,
        "SANE": 0,
        "VALID": 0,
        "total": 100.18555744976783
    }
}