{
    "counter": {
        "ACTIVE": 11446,
        "INACTIVE": 2119,
        "INVALID": 4,
        "MALICIOUS": 0,
        "SANE": 0,
        "VALID": 0,
        "total": 13569
    },
    "percentage": {
        "ACTIVE": 84.35404230230672,
        "INACTIVE": 15.616478738300538,
        "INVALID": 0.029478959392733435,
        "MALICIOUS": 0.0,
        "SANE": 0.0,
        "VALID": 0.0,
        "total": 100.0
    }
}