{
    "counter": {
        "ACTIVE": 11070,
        "INACTIVE": 2079,
        "INVALID": 4,
        "MALICIOUS": 0,
        "SANE": 0,
        "VALID": 0,
        "total": 13153
    },
    "percentage": {
        "ACTIVE": 84.16330875085532,
        "INACTIVE": 15.811088295687885,
        "INVALID": 0.03235984143677696,
        "MALICIOUS": 0,
        "SANE": 0,
        "VALID": 0,
        "total": 100.00675688797998
    }
}