{
    "counter": {
        "ACTIVE": 9201,
        "INACTIVE": 1750,
        "INVALID": 0,
        "MALICIOUS": 0,
        "SANE": 0,
        "VALID": 0,
        "total": 10951
    },
    "percentage": {
        "ACTIVE": 84.01972422609808,
        "INACTIVE": 16.133493131741496,
        "INVALID": 0,
        "MALICIOUS": 0,
        "SANE": 0,
        "VALID": 0,
        "total": 100.15321735783957
    }
}