{
    "counter": {
        "ACTIVE": 8810,
        "INACTIVE": 1746,
        "INVALID": 0,
        "MALICIOUS": 0,
        "SANE": 0,
        "VALID": 0,
        "total": 10556
    },
    "percentage": {
        "ACTIVE": 83.4596438044714,
        "INACTIVE": 16.625404684821937,
        "INVALID": 0,
        "MALICIOUS": 0,
        "SANE": 0,
        "VALID": 0,
        "total": 100.08504848929334
    }
}