{
    "counter": {
        "ACTIVE": 8725,
        "INACTIVE": 1727,
        "INVALID": 0,
        "MALICIOUS": 0,
        "SANE": 0,
        "VALID": 0,
        "total": 10452
    },
    "percentage": {
        "ACTIVE": 83.47684653654802,
        "INACTIVE": 16.57707813399885,
        "INVALID": 0,
        "MALICIOUS": 0,
        "SANE": 0,
        "VALID": 0,
        "total": 100.05392467054688
    }
}