{
    "counter": {
        "ACTIVE": 9266,
        "INACTIVE": 1759,
        "INVALID": 0,
        "MALICIOUS": 0,
        "SANE": 0,
        "VALID": 0,
        "total": 11025
    },
    "percentage": {
        "ACTIVE": 84.0453514739229,
        "INACTIVE": 15.972033051847816,
        "INVALID": 0,
        "MALICIOUS": 0,
        "SANE": 0,
        "VALID": 0,
        "total": 100.01738452577072
    }
}