{
    "counter": {
        "ACTIVE": 8975,
        "INACTIVE": 1746,
        "INVALID": 0,
        "MALICIOUS": 0,
        "SANE": 0,
        "VALID": 0,
        "total": 10721
    },
    "percentage": {
        "ACTIVE": 83.71420576438766,
        "INACTIVE": 16.625404684821937,
        "INVALID": 0,
        "MALICIOUS": 0,
        "SANE": 0,
        "VALID": 0,
        "total": 100.3396104492096
    }
}