{
    "counter": {
        "ACTIVE": 8203,
        "INACTIVE": 1723,
        "INVALID": 0,
        "MALICIOUS": 0,
        "SANE": 0,
        "VALID": 0,
        "total": 9926
    },
    "percentage": {
        "ACTIVE": 82.64154745113842,
        "INACTIVE": 17.48173701298701,
        "INVALID": 0,
        "MALICIOUS": 0,
        "SANE": 0,
        "VALID": 0,
        "total": 100.12328446412543
    }
}