{
    "counter": {
        "ACTIVE": 7889,
        "INACTIVE": 1717,
        "INVALID": 0,
        "MALICIOUS": 0,
        "SANE": 0,
        "VALID": 0,
        "total": 9606
    },
    "percentage": {
        "ACTIVE": 82.12575473662294,
        "INACTIVE": 17.894736842105264,
        "INVALID": 0,
        "MALICIOUS": 0,
        "SANE": 0,
        "VALID": 0,
        "total": 100.0204915787282
    }
}