{
    "counter": {
        "ACTIVE": 8695,
        "INACTIVE": 1727,
        "INVALID": 0,
        "MALICIOUS": 0,
        "SANE": 0,
        "VALID": 0,
        "total": 10422
    },
    "percentage": {
        "ACTIVE": 83.42928420648627,
        "INACTIVE": 16.57707813399885,
        "INVALID": 0,
        "MALICIOUS": 0,
        "SANE": 0,
        "VALID": 0,
        "total": 100.00636234048513
    }
}