{
    "counter": {
        "ACTIVE": 7320,
        "INACTIVE": 1628,
        "INVALID": 0,
        "MALICIOUS": 0,
        "SANE": 0,
        "VALID": 0,
        "total": 8948
    },
    "percentage": {
        "ACTIVE": 81.8242790073776,
        "INACTIVE": 18.19400983459991,
        "INVALID": 0,
        "MALICIOUS": 0,
        "SANE": 0,
        "VALID": 0,
        "total": 100.01828884197751
    }
}