{
    "counter": {
        "ACTIVE": 9969,
        "INACTIVE": 1779,
        "INVALID": 2,
        "MALICIOUS": 0,
        "SANE": 0,
        "VALID": 0,
        "total": 11750
    },
    "percentage": {
        "ACTIVE": 84.84255319148936,
        "INACTIVE": 15.250750107158165,
        "INVALID": 0.01726817475392851,
        "MALICIOUS": 0,
        "SANE": 0,
        "VALID": 0,
        "total": 100.11057147340145
    }
}