{
    "counter": {
        "ACTIVE": 11055,
        "INACTIVE": 2078,
        "INVALID": 4,
        "MALICIOUS": 0,
        "SANE": 0,
        "VALID": 0,
        "total": 13137
    },
    "percentage": {
        "ACTIVE": 84.15163279287509,
        "INACTIVE": 15.839621922402623,
        "INVALID": 0.03235984143677696,
        "MALICIOUS": 0,
        "SANE": 0,
        "VALID": 0,
        "total": 100.02361455671449
    }
}