{
    "counter": {
        "ACTIVE": 9629,
        "INACTIVE": 1768,
        "INVALID": 0,
        "MALICIOUS": 0,
        "SANE": 0,
        "VALID": 0,
        "total": 11397
    },
    "percentage": {
        "ACTIVE": 84.48714574010704,
        "INACTIVE": 15.5702333773668,
        "INVALID": 0,
        "MALICIOUS": 0,
        "SANE": 0,
        "VALID": 0,
        "total": 100.05737911747384
    }
}