{
    "counter": {
        "ACTIVE": 9338,
        "INACTIVE": 1760,
        "INVALID": 0,
        "MALICIOUS": 0,
        "SANE": 0,
        "VALID": 0,
        "total": 11098
    },
    "percentage": {
        "ACTIVE": 84.14128671832762,
        "INACTIVE": 15.946362236114886,
        "INVALID": 0,
        "MALICIOUS": 0,
        "SANE": 0,
        "VALID": 0,
        "total": 100.0876489544425
    }
}