{
    "counter": {
        "ACTIVE": 11123,
        "INACTIVE": 2081,
        "INVALID": 4,
        "MALICIOUS": 0,
        "SANE": 0,
        "VALID": 0,
        "total": 13208
    },
    "percentage": {
        "ACTIVE": 84.21411265899455,
        "INACTIVE": 15.778300098566987,
        "INVALID": 0.03235984143677696,
        "MALICIOUS": 0,
        "SANE": 0,
        "VALID": 0,
        "total": 100.02477259899831
    }
}