{
    "counter": {
        "ACTIVE": 8693,
        "INACTIVE": 1727,
        "INVALID": 0,
        "MALICIOUS": 0,
        "SANE": 0,
        "VALID": 0,
        "total": 10420
    },
    "percentage": {
        "ACTIVE": 83.42610364683301,
        "INACTIVE": 16.57707813399885,
        "INVALID": 0,
        "MALICIOUS": 0,
        "SANE": 0,
        "VALID": 0,
        "total": 100.00318178083187
    }
}