{
    "counter": {
        "ACTIVE": 8308,
        "INACTIVE": 1724,
        "INVALID": 0,
        "MALICIOUS": 0,
        "SANE": 0,
        "VALID": 0,
        "total": 10032
    },
    "percentage": {
        "ACTIVE": 82.81499202551834,
        "INACTIVE": 17.22449795184334,
        "INVALID": 0,
        "MALICIOUS": 0,
        "SANE": 0,
        "VALID": 0,
        "total": 100.03948997736168
    }
}