{
    "counter": {
        "ACTIVE": 11380,
        "INACTIVE": 2114,
        "INVALID": 4,
        "MALICIOUS": 0,
        "SANE": 0,
        "VALID": 0,
        "total": 13498
    },
    "percentage": {
        "ACTIVE": 84.30878648688694,
        "INACTIVE": 15.66157949325826,
        "INVALID": 0.029634019854793303,
        "MALICIOUS": 0.0,
        "SANE": 0.0,
        "VALID": 0.0,
        "total": 100.0
    }
}