{
    "counter": {
        "ACTIVE": 8922,
        "INACTIVE": 1746,
        "INVALID": 0,
        "MALICIOUS": 0,
        "SANE": 0,
        "VALID": 0,
        "total": 10668
    },
    "percentage": {
        "ACTIVE": 83.63329583802025,
        "INACTIVE": 16.625404684821937,
        "INVALID": 0,
        "MALICIOUS": 0,
        "SANE": 0,
        "VALID": 0,
        "total": 100.25870052284219
    }
}