{
    "counter": {
        "ACTIVE": 8456,
        "INACTIVE": 1724,
        "INVALID": 0,
        "MALICIOUS": 0,
        "SANE": 0,
        "VALID": 0,
        "total": 10180
    },
    "percentage": {
        "ACTIVE": 83.06483300589392,
        "INACTIVE": 17.22449795184334,
        "INVALID": 0,
        "MALICIOUS": 0,
        "SANE": 0,
        "VALID": 0,
        "total": 100.28933095773726
    }
}