{
    "counter": {
        "ACTIVE": 8723,
        "INACTIVE": 1727,
        "INVALID": 0,
        "MALICIOUS": 0,
        "SANE": 0,
        "VALID": 0,
        "total": 10450
    },
    "percentage": {
        "ACTIVE": 83.47368421052632,
        "INACTIVE": 16.57707813399885,
        "INVALID": 0,
        "MALICIOUS": 0,
        "SANE": 0,
        "VALID": 0,
        "total": 100.05076234452517
    }
}