{
    "counter": {
        "ACTIVE": 9482,
        "INACTIVE": 1760,
        "INVALID": 0,
        "MALICIOUS": 0,
        "SANE": 0,
        "VALID": 0,
        "total": 11242
    },
    "percentage": {
        "ACTIVE": 84.34442270058709,
        "INACTIVE": 15.946362236114886,
        "INVALID": 0,
        "MALICIOUS": 0,
        "SANE": 0,
        "VALID": 0,
        "total": 100.29078493670198
    }
}