{
    "counter": {
        "ACTIVE": 9645,
        "INACTIVE": 1768,
        "INVALID": 0,
        "MALICIOUS": 0,
        "SANE": 0,
        "VALID": 0,
        "total": 11413
    },
    "percentage": {
        "ACTIVE": 84.50889336721282,
        "INACTIVE": 15.5702333773668,
        "INVALID": 0,
        "MALICIOUS": 0,
        "SANE": 0,
        "VALID": 0,
        "total": 100.07912674457963
    }
}