{
    "counter": {
        "ACTIVE": 9843,
        "INACTIVE": 1776,
        "INVALID": 2,
        "MALICIOUS": 0,
        "SANE": 0,
        "VALID": 0,
        "total": 11621
    },
    "percentage": {
        "ACTIVE": 84.70011186644867,
        "INACTIVE": 15.303748384317105,
        "INVALID": 0.01726817475392851,
        "MALICIOUS": 0,
        "SANE": 0,
        "VALID": 0,
        "total": 100.02112842551969
    }
}