{
    "counter": {
        "ACTIVE": 10486,
        "INACTIVE": 1788,
        "INVALID": 2,
        "MALICIOUS": 0,
        "SANE": 0,
        "VALID": 0,
        "total": 12276
    },
    "percentage": {
        "ACTIVE": 85.41870316063864,
        "INACTIVE": 14.957336456416263,
        "INVALID": 0.01726817475392851,
        "MALICIOUS": 0,
        "SANE": 0,
        "VALID": 0,
        "total": 100.39330779180882
    }
}