{
    "counter": {
        "ACTIVE": 9732,
        "INACTIVE": 1772,
        "INVALID": 0,
        "MALICIOUS": 0,
        "SANE": 0,
        "VALID": 0,
        "total": 11504
    },
    "percentage": {
        "ACTIVE": 84.59666203059805,
        "INACTIVE": 15.453039155838493,
        "INVALID": 0,
        "MALICIOUS": 0,
        "SANE": 0,
        "VALID": 0,
        "total": 100.04970118643655
    }
}