{
    "counter": {
        "ACTIVE": 8068,
        "INACTIVE": 1719,
        "INVALID": 0,
        "MALICIOUS": 0,
        "SANE": 0,
        "VALID": 0,
        "total": 9787
    },
    "percentage": {
        "ACTIVE": 82.43588433636457,
        "INACTIVE": 17.738107522443503,
        "INVALID": 0,
        "MALICIOUS": 0,
        "SANE": 0,
        "VALID": 0,
        "total": 100.17399185880807
    }
}