{
    "counter": {
        "ACTIVE": 11254,
        "INACTIVE": 2092,
        "INVALID": 4,
        "MALICIOUS": 0,
        "SANE": 0,
        "VALID": 0,
        "total": 13350
    },
    "percentage": {
        "ACTIVE": 84.29962546816479,
        "INACTIVE": 15.670411985018726,
        "INVALID": 0.0299625468164794,
        "MALICIOUS": 0.0,
        "SANE": 0.0,
        "VALID": 0.0,
        "total": 100.0
    }
}