{
    "counter": {
        "ACTIVE": 9685,
        "INACTIVE": 1771,
        "INVALID": 0,
        "MALICIOUS": 0,
        "SANE": 0,
        "VALID": 0,
        "total": 11456
    },
    "percentage": {
        "ACTIVE": 84.54085195530726,
        "INACTIVE": 15.47265420234143,
        "INVALID": 0,
        "MALICIOUS": 0,
        "SANE": 0,
        "VALID": 0,
        "total": 100.01350615764869
    }
}