{
    "counter": {
        "ACTIVE": 8537,
        "INACTIVE": 1726,
        "INVALID": 0,
        "MALICIOUS": 0,
        "SANE": 0,
        "VALID": 0,
        "total": 10263
    },
    "percentage": {
        "ACTIVE": 83.18230536880054,
        "INACTIVE": 16.84066738218363,
        "INVALID": 0,
        "MALICIOUS": 0,
        "SANE": 0,
        "VALID": 0,
        "total": 100.02297275098417
    }
}