{
    "counter": {
        "ACTIVE": 9035,
        "INACTIVE": 1747,
        "INVALID": 0,
        "MALICIOUS": 0,
        "SANE": 0,
        "VALID": 0,
        "total": 10782
    },
    "percentage": {
        "ACTIVE": 83.79706918938972,
        "INACTIVE": 16.267808920756124,
        "INVALID": 0,
        "MALICIOUS": 0,
        "SANE": 0,
        "VALID": 0,
        "total": 100.06487811014584
    }
}