{
    "counter": {
        "ACTIVE": 10951,
        "INACTIVE": 2074,
        "INVALID": 4,
        "MALICIOUS": 0,
        "SANE": 0,
        "VALID": 0,
        "total": 13029
    },
    "percentage": {
        "ACTIVE": 84.05096323585848,
        "INACTIVE": 16.038976103936278,
        "INVALID": 0.03235984143677696,
        "MALICIOUS": 0,
        "SANE": 0,
        "VALID": 0,
        "total": 100.12229918123153
    }
}