{
    "counter": {
        "ACTIVE": 9864,
        "INACTIVE": 1778,
        "INVALID": 2,
        "MALICIOUS": 0,
        "SANE": 0,
        "VALID": 0,
        "total": 11644
    },
    "percentage": {
        "ACTIVE": 84.71315699072484,
        "INACTIVE": 15.28016500515641,
        "INVALID": 0.01726817475392851,
        "MALICIOUS": 0,
        "SANE": 0,
        "VALID": 0,
        "total": 100.01059017063517
    }
}