{
    "counter": {
        "ACTIVE": 9649,
        "INACTIVE": 1768,
        "INVALID": 0,
        "MALICIOUS": 0,
        "SANE": 0,
        "VALID": 0,
        "total": 11417
    },
    "percentage": {
        "ACTIVE": 84.51432074975914,
        "INACTIVE": 15.5702333773668,
        "INVALID": 0,
        "MALICIOUS": 0,
        "SANE": 0,
        "VALID": 0,
        "total": 100.08455412712594
    }
}