{
    "counter": {
        "ACTIVE": 11232,
        "INACTIVE": 2092,
        "INVALID": 4,
        "MALICIOUS": 0,
        "SANE": 0,
        "VALID": 0,
        "total": 13328
    },
    "percentage": {
        "ACTIVE": 84.27370948379351,
        "INACTIVE": 15.696278511404563,
        "INVALID": 0.030012004801920768,
        "MALICIOUS": 0.0,
        "SANE": 0.0,
        "VALID": 0.0,
        "total": 99.99999999999999
    }
}