{
    "counter": {
        "ACTIVE": 10786,
        "INACTIVE": 2041,
        "INVALID": 4,
        "MALICIOUS": 0,
        "SANE": 0,
        "VALID": 0,
        "total": 12831
    },
    "percentage": {
        "ACTIVE": 84.06203725352661,
        "INACTIVE": 15.93162126297713,
        "INVALID": 0.03235984143677696,
        "MALICIOUS": 0,
        "SANE": 0,
        "VALID": 0,
        "total": 100.02601835794052
    }
}