{
    "counter": {
        "ACTIVE": 2828,
        "INACTIVE": 748,
        "INVALID": 0,
        "MALICIOUS": 0,
        "SANE": 0,
        "VALID": 0,
        "total": 3576
    },
    "percentage": {
        "ACTIVE": 79.08277404921701,
        "INACTIVE": 20.928931169557917,
        "INVALID": 0,
        "MALICIOUS": 0,
        "SANE": 0,
        "VALID": 0,
        "total": 100.01170521877492
    }
}