{
    "counter": {
        "ACTIVE": 8284,
        "INACTIVE": 1723,
        "INVALID": 0,
        "MALICIOUS": 0,
        "SANE": 0,
        "VALID": 0,
        "total": 10007
    },
    "percentage": {
        "ACTIVE": 82.78205256320575,
        "INACTIVE": 17.48173701298701,
        "INVALID": 0,
        "MALICIOUS": 0,
        "SANE": 0,
        "VALID": 0,
        "total": 100.26378957619276
    }
}