{
    "counter": {
        "ACTIVE": 8030,
        "INACTIVE": 1719,
        "INVALID": 0,
        "MALICIOUS": 0,
        "SANE": 0,
        "VALID": 0,
        "total": 9749
    },
    "percentage": {
        "ACTIVE": 82.36742229972305,
        "INACTIVE": 17.738107522443503,
        "INVALID": 0,
        "MALICIOUS": 0,
        "SANE": 0,
        "VALID": 0,
        "total": 100.10552982216655
    }
}