{
    "counter": {
        "ACTIVE": 9961,
        "INACTIVE": 1779,
        "INVALID": 2,
        "MALICIOUS": 0,
        "SANE": 0,
        "VALID": 0,
        "total": 11742
    },
    "percentage": {
        "ACTIVE": 84.83222619655936,
        "INACTIVE": 15.250750107158165,
        "INVALID": 0.01726817475392851,
        "MALICIOUS": 0,
        "SANE": 0,
        "VALID": 0,
        "total": 100.10024447847145
    }
}