{
    "counter": {
        "ACTIVE": 11448,
        "INACTIVE": 2119,
        "INVALID": 4,
        "MALICIOUS": 0,
        "SANE": 0,
        "VALID": 0,
        "total": 13571
    },
    "percentage": {
        "ACTIVE": 84.356348095203,
        "INACTIVE": 15.614177289809152,
        "INVALID": 0.02947461498784172,
        "MALICIOUS": 0.0,
        "SANE": 0.0,
        "VALID": 0.0,
        "total": 100.0
    }
}