{
    "counter": {
        "ACTIVE": 9677,
        "INACTIVE": 1771,
        "INVALID": 0,
        "MALICIOUS": 0,
        "SANE": 0,
        "VALID": 0,
        "total": 11448
    },
    "percentage": {
        "ACTIVE": 84.53004891684137,
        "INACTIVE": 15.47265420234143,
        "INVALID": 0,
        "MALICIOUS": 0,
        "SANE": 0,
        "VALID": 0,
        "total": 100.0027031191828
    }
}