{
    "counter": {
        "ACTIVE": 7962,
        "INACTIVE": 1718,
        "INVALID": 0,
        "MALICIOUS": 0,
        "SANE": 0,
        "VALID": 0,
        "total": 9680
    },
    "percentage": {
        "ACTIVE": 82.25206611570248,
        "INACTIVE": 17.880932556203163,
        "INVALID": 0,
        "MALICIOUS": 0,
        "SANE": 0,
        "VALID": 0,
        "total": 100.13299867190564
    }
}