{
    "counter": {
        "ACTIVE": 8171,
        "INACTIVE": 1723,
        "INVALID": 0,
        "MALICIOUS": 0,
        "SANE": 0,
        "VALID": 0,
        "total": 9894
    },
    "percentage": {
        "ACTIVE": 82.58540529613907,
        "INACTIVE": 17.48173701298701,
        "INVALID": 0,
        "MALICIOUS": 0,
        "SANE": 0,
        "VALID": 0,
        "total": 100.06714230912608
    }
}