{
    "counter": {
        "ACTIVE": 9628,
        "INACTIVE": 1768,
        "INVALID": 0,
        "MALICIOUS": 0,
        "SANE": 0,
        "VALID": 0,
        "total": 11396
    },
    "percentage": {
        "ACTIVE": 84.48578448578449,
        "INACTIVE": 15.5702333773668,
        "INVALID": 0,
        "MALICIOUS": 0,
        "SANE": 0,
        "VALID": 0,
        "total": 100.0560178631513
    }
}