{
    "counter": {
        "ACTIVE": 11032,
        "INACTIVE": 2075,
        "INVALID": 4,
        "MALICIOUS": 0,
        "SANE": 0,
        "VALID": 0,
        "total": 13111
    },
    "percentage": {
        "ACTIVE": 84.14308595835558,
        "INACTIVE": 15.88212782242633,
        "INVALID": 0.03235984143677696,
        "MALICIOUS": 0,
        "SANE": 0,
        "VALID": 0,
        "total": 100.05757362221868
    }
}