{
    "counter": {
        "ACTIVE": 8027,
        "INACTIVE": 1719,
        "INVALID": 0,
        "MALICIOUS": 0,
        "SANE": 0,
        "VALID": 0,
        "total": 9746
    },
    "percentage": {
        "ACTIVE": 82.36199466447773,
        "INACTIVE": 17.738107522443503,
        "INVALID": 0,
        "MALICIOUS": 0,
        "SANE": 0,
        "VALID": 0,
        "total": 100.10010218692123
    }
}