{
    "counter": {
        "ACTIVE": 2080,
        "INACTIVE": 305,
        "INVALID": 0,
        "MALICIOUS": 0,
        "SANE": 0,
        "VALID": 0,
        "total": 2385
    },
    "percentage": {
        "ACTIVE": 87.21174004192872,
        "INACTIVE": 12.831299957930163,
        "INVALID": 0,
        "MALICIOUS": 0,
        "SANE": 0,
        "VALID": 0,
        "total": 100.04303999985888
    }
}