{
    "counter": {
        "ACTIVE": 8193,
        "INACTIVE": 1723,
        "INVALID": 0,
        "MALICIOUS": 0,
        "SANE": 0,
        "VALID": 0,
        "total": 9916
    },
    "percentage": {
        "ACTIVE": 82.62404195240016,
        "INACTIVE": 17.48173701298701,
        "INVALID": 0,
        "MALICIOUS": 0,
        "SANE": 0,
        "VALID": 0,
        "total": 100.10577896538717
    }
}