{
    "counter": {
        "ACTIVE": 8669,
        "INACTIVE": 1726,
        "INVALID": 0,
        "MALICIOUS": 0,
        "SANE": 0,
        "VALID": 0,
        "total": 10395
    },
    "percentage": {
        "ACTIVE": 83.3958633958634,
        "INACTIVE": 16.84066738218363,
        "INVALID": 0,
        "MALICIOUS": 0,
        "SANE": 0,
        "VALID": 0,
        "total": 100.23653077804703
    }
}