{
    "counter": {
        "ACTIVE": 10745,
        "INACTIVE": 1889,
        "INVALID": 4,
        "MALICIOUS": 0,
        "SANE": 0,
        "VALID": 0,
        "total": 12638
    },
    "percentage": {
        "ACTIVE": 85.02136413989555,
        "INACTIVE": 14.986116620388735,
        "INVALID": 0.03235984143677696,
        "MALICIOUS": 0,
        "SANE": 0,
        "VALID": 0,
        "total": 100.03984060172107
    }
}