{
    "counter": {
        "ACTIVE": 8065,
        "INACTIVE": 1719,
        "INVALID": 0,
        "MALICIOUS": 0,
        "SANE": 0,
        "VALID": 0,
        "total": 9784
    },
    "percentage": {
        "ACTIVE": 82.43049877350776,
        "INACTIVE": 17.738107522443503,
        "INVALID": 0,
        "MALICIOUS": 0,
        "SANE": 0,
        "VALID": 0,
        "total": 100.16860629595126
    }
}