{
    "counter": {
        "ACTIVE": 10907,
        "INACTIVE": 2074,
        "INVALID": 4,
        "MALICIOUS": 0,
        "SANE": 0,
        "VALID": 0,
        "total": 12985
    },
    "percentage": {
        "ACTIVE": 83.99691952252599,
        "INACTIVE": 16.038976103936278,
        "INVALID": 0.03235984143677696,
        "MALICIOUS": 0,
        "SANE": 0,
        "VALID": 0,
        "total": 100.06825546789904
    }
}