{
    "counter": {
        "ACTIVE": 10886,
        "INACTIVE": 2074,
        "INVALID": 4,
        "MALICIOUS": 0,
        "SANE": 0,
        "VALID": 0,
        "total": 12964
    },
    "percentage": {
        "ACTIVE": 83.9709966059858,
        "INACTIVE": 16.038976103936278,
        "INVALID": 0.03235984143677696,
        "MALICIOUS": 0,
        "SANE": 0,
        "VALID": 0,
        "total": 100.04233255135885
    }
}