{
    "counter": {
        "ACTIVE": 7875,
        "INACTIVE": 1716,
        "INVALID": 0,
        "MALICIOUS": 0,
        "SANE": 0,
        "VALID": 0,
        "total": 9591
    },
    "percentage": {
        "ACTIVE": 82.10822646230841,
        "INACTIVE": 17.936657259328943,
        "INVALID": 0,
        "MALICIOUS": 0,
        "SANE": 0,
        "VALID": 0,
        "total": 100.04488372163735
    }
}