{
    "counter": {
        "ACTIVE": 7713,
        "INACTIVE": 1700,
        "INVALID": 0,
        "MALICIOUS": 0,
        "SANE": 0,
        "VALID": 0,
        "total": 9413
    },
    "percentage": {
        "ACTIVE": 81.93987039201104,
        "INACTIVE": 18.06396769737541,
        "INVALID": 0,
        "MALICIOUS": 0,
        "SANE": 0,
        "VALID": 0,
        "total": 100.00383808938645
    }
}