{
    "counter": {
        "ACTIVE": 9730,
        "INACTIVE": 1772,
        "INVALID": 0,
        "MALICIOUS": 0,
        "SANE": 0,
        "VALID": 0,
        "total": 11502
    },
    "percentage": {
        "ACTIVE": 84.59398365501652,
        "INACTIVE": 15.453039155838493,
        "INVALID": 0,
        "MALICIOUS": 0,
        "SANE": 0,
        "VALID": 0,
        "total": 100.04702281085501
    }
}