{
    "counter": {
        "ACTIVE": 8468,
        "INACTIVE": 1724,
        "INVALID": 0,
        "MALICIOUS": 0,
        "SANE": 0,
        "VALID": 0,
        "total": 10192
    },
    "percentage": {
        "ACTIVE": 83.08477237048666,
        "INACTIVE": 17.22449795184334,
        "INVALID": 0,
        "MALICIOUS": 0,
        "SANE": 0,
        "VALID": 0,
        "total": 100.30927032233001
    }
}