{
    "counter": {
        "ACTIVE": 7346,
        "INACTIVE": 1628,
        "INVALID": 0,
        "MALICIOUS": 0,
        "SANE": 0,
        "VALID": 0,
        "total": 8974
    },
    "percentage": {
        "ACTIVE": 81.85870291954535,
        "INACTIVE": 18.19400983459991,
        "INVALID": 0,
        "MALICIOUS": 0,
        "SANE": 0,
        "VALID": 0,
        "total": 100.05271275414526
    }
}