{
    "counter": {
        "ACTIVE": 10664,
        "INACTIVE": 1859,
        "INVALID": 4,
        "MALICIOUS": 0,
        "SANE": 0,
        "VALID": 0,
        "total": 12527
    },
    "percentage": {
        "ACTIVE": 85.12812325377185,
        "INACTIVE": 14.842315369261478,
        "INVALID": 0.03235984143677696,
        "MALICIOUS": 0,
        "SANE": 0,
        "VALID": 0,
        "total": 100.00279846447009
    }
}