{
    "counter": {
        "ACTIVE": 9349,
        "INACTIVE": 1760,
        "INVALID": 0,
        "MALICIOUS": 0,
        "SANE": 0,
        "VALID": 0,
        "total": 11109
    },
    "percentage": {
        "ACTIVE": 84.15698982806734,
        "INACTIVE": 15.946362236114886,
        "INVALID": 0,
        "MALICIOUS": 0,
        "SANE": 0,
        "VALID": 0,
        "total": 100.10335206418222
    }
}