{
    "counter": {
        "ACTIVE": 7816,
        "INACTIVE": 1711,
        "INVALID": 0,
        "MALICIOUS": 0,
        "SANE": 0,
        "VALID": 0,
        "total": 9527
    },
    "percentage": {
        "ACTIVE": 82.04051642699696,
        "INACTIVE": 17.97080138640899,
        "INVALID": 0,
        "MALICIOUS": 0,
        "SANE": 0,
        "VALID": 0,
        "total": 100.01131781340595
    }
}