{
    "counter": {
        "ACTIVE": 8578,
        "INACTIVE": 1726,
        "INVALID": 0,
        "MALICIOUS": 0,
        "SANE": 0,
        "VALID": 0,
        "total": 10304
    },
    "percentage": {
        "ACTIVE": 83.24922360248448,
        "INACTIVE": 16.84066738218363,
        "INVALID": 0,
        "MALICIOUS": 0,
        "SANE": 0,
        "VALID": 0,
        "total": 100.0898909846681
    }
}