{
    "counter": {
        "ACTIVE": 9995,
        "INACTIVE": 1780,
        "INVALID": 2,
        "MALICIOUS": 0,
        "SANE": 0,
        "VALID": 0,
        "total": 11777
    },
    "percentage": {
        "ACTIVE": 84.86881209136452,
        "INACTIVE": 15.136054421768707,
        "INVALID": 0.01726817475392851,
        "MALICIOUS": 0,
        "SANE": 0,
        "VALID": 0,
        "total": 100.02213468788715
    }
}