{
    "counter": {
        "ACTIVE": 9036,
        "INACTIVE": 1747,
        "INVALID": 0,
        "MALICIOUS": 0,
        "SANE": 0,
        "VALID": 0,
        "total": 10783
    },
    "percentage": {
        "ACTIVE": 83.79857182602244,
        "INACTIVE": 16.267808920756124,
        "INVALID": 0,
        "MALICIOUS": 0,
        "SANE": 0,
        "VALID": 0,
        "total": 100.06638074677856
    }
}