{
    "counter": {
        "ACTIVE": 2831,
        "INACTIVE": 748,
        "INVALID": 0,
        "MALICIOUS": 0,
        "SANE": 0,
        "VALID": 0,
        "total": 3579
    },
    "percentage": {
        "ACTIVE": 79.10030734842135,
        "INACTIVE": 20.928931169557917,
        "INVALID": 0,
        "MALICIOUS": 0,
        "SANE": 0,
        "VALID": 0,
        "total": 100.02923851797927
    }
}