{
    "counter": {
        "ACTIVE": 11212,
        "INACTIVE": 2090,
        "INVALID": 4,
        "MALICIOUS": 0,
        "SANE": 0,
        "VALID": 0,
        "total": 13306
    },
    "percentage": {
        "ACTIVE": 84.26273861415902,
        "INACTIVE": 15.70719975950699,
        "INVALID": 0.030061626333984667,
        "MALICIOUS": 0.0,
        "SANE": 0.0,
        "VALID": 0.0,
        "total": 100.0
    }
}