{
    "counter": {
        "ACTIVE": 7929,
        "INACTIVE": 1718,
        "INVALID": 0,
        "MALICIOUS": 0,
        "SANE": 0,
        "VALID": 0,
        "total": 9647
    },
    "percentage": {
        "ACTIVE": 82.1913548253343,
        "INACTIVE": 17.880932556203163,
        "INVALID": 0,
        "MALICIOUS": 0,
        "SANE": 0,
        "VALID": 0,
        "total": 100.07228738153746
    }
}