{
    "counter": {
        "ACTIVE": 9830,
        "INACTIVE": 1776,
        "INVALID": 2,
        "MALICIOUS": 0,
        "SANE": 0,
        "VALID": 0,
        "total": 11608
    },
    "percentage": {
        "ACTIVE": 84.6829772570641,
        "INACTIVE": 15.303748384317105,
        "INVALID": 0.01726817475392851,
        "MALICIOUS": 0,
        "SANE": 0,
        "VALID": 0,
        "total": 100.00399381613512
    }
}