{
    "counter": {
        "ACTIVE": 9068,
        "INACTIVE": 1749,
        "INVALID": 0,
        "MALICIOUS": 0,
        "SANE": 0,
        "VALID": 0,
        "total": 10817
    },
    "percentage": {
        "ACTIVE": 83.83100674863641,
        "INACTIVE": 16.191446028513237,
        "INVALID": 0,
        "MALICIOUS": 0,
        "SANE": 0,
        "VALID": 0,
        "total": 100.02245277714965
    }
}