{
    "counter": {
        "ACTIVE": 8025,
        "INACTIVE": 1719,
        "INVALID": 0,
        "MALICIOUS": 0,
        "SANE": 0,
        "VALID": 0,
        "total": 9744
    },
    "percentage": {
        "ACTIVE": 82.35837438423646,
        "INACTIVE": 17.738107522443503,
        "INVALID": 0,
        "MALICIOUS": 0,
        "SANE": 0,
        "VALID": 0,
        "total": 100.09648190667995
    }
}