{
    "counter": {
        "ACTIVE": 6779,
        "INACTIVE": 1570,
        "INVALID": 0,
        "MALICIOUS": 0,
        "SANE": 0,
        "VALID": 0,
        "total": 8349
    },
    "percentage": {
        "ACTIVE": 81.19535273685472,
        "INACTIVE": 18.822683131519003,
        "INVALID": 0,
        "MALICIOUS": 0,
        "SANE": 0,
        "VALID": 0,
        "total": 100.01803586837372
    }
}