{
    "counter": {
        "ACTIVE": 7341,
        "INACTIVE": 1628,
        "INVALID": 0,
        "MALICIOUS": 0,
        "SANE": 0,
        "VALID": 0,
        "total": 8969
    },
    "percentage": {
        "ACTIVE": 81.848589586353,
        "INACTIVE": 18.19400983459991,
        "INVALID": 0,
        "MALICIOUS": 0,
        "SANE": 0,
        "VALID": 0,
        "total": 100.04259942095291
    }
}