{
    "counter": {
        "ACTIVE": 11333,
        "INACTIVE": 2108,
        "INVALID": 4,
        "MALICIOUS": 0,
        "SANE": 0,
        "VALID": 0,
        "total": 13445
    },
    "percentage": {
        "ACTIVE": 84.29155820007438,
        "INACTIVE": 15.678690963183339,
        "INVALID": 0.029750836742283376,
        "MALICIOUS": 0.0,
        "SANE": 0.0,
        "VALID": 0.0,
        "total": 100.0
    }
}