{
    "counter": {
        "ACTIVE": 2830,
        "INACTIVE": 748,
        "INVALID": 0,
        "MALICIOUS": 0,
        "SANE": 0,
        "VALID": 0,
        "total": 3578
    },
    "percentage": {
        "ACTIVE": 79.0944661822247,
        "INACTIVE": 20.928931169557917,
        "INVALID": 0,
        "MALICIOUS": 0,
        "SANE": 0,
        "VALID": 0,
        "total": 100.02339735178262
    }
}