{
    "counter": {
        "ACTIVE": 9274,
        "INACTIVE": 1759,
        "INVALID": 0,
        "MALICIOUS": 0,
        "SANE": 0,
        "VALID": 0,
        "total": 11033
    },
    "percentage": {
        "ACTIVE": 84.05692014864498,
        "INACTIVE": 15.972033051847816,
        "INVALID": 0,
        "MALICIOUS": 0,
        "SANE": 0,
        "VALID": 0,
        "total": 100.0289532004928
    }
}