{
    "counter": {
        "ACTIVE": 8598,
        "INACTIVE": 1726,
        "INVALID": 0,
        "MALICIOUS": 0,
        "SANE": 0,
        "VALID": 0,
        "total": 10324
    },
    "percentage": {
        "ACTIVE": 83.28167376985664,
        "INACTIVE": 16.84066738218363,
        "INVALID": 0,
        "MALICIOUS": 0,
        "SANE": 0,
        "VALID": 0,
        "total": 100.12234115204026
    }
}