{
    "counter": {
        "ACTIVE": 9532,
        "INACTIVE": 1767,
        "INVALID": 0,
        "MALICIOUS": 0,
        "SANE": 0,
        "VALID": 0,
        "total": 11299
    },
    "percentage": {
        "ACTIVE": 84.36144791574476,
        "INACTIVE": 15.684360021303036,
        "INVALID": 0,
        "MALICIOUS": 0,
        "SANE": 0,
        "VALID": 0,
        "total": 100.0458079370478
    }
}