{
    "counter": {
        "ACTIVE": 10828,
        "INACTIVE": 2053,
        "INVALID": 4,
        "MALICIOUS": 0,
        "SANE": 0,
        "VALID": 0,
        "total": 12885
    },
    "percentage": {
        "ACTIVE": 84.03570042685293,
        "INACTIVE": 15.94067862411678,
        "INVALID": 0.03235984143677696,
        "MALICIOUS": 0,
        "SANE": 0,
        "VALID": 0,
        "total": 100.00873889240648
    }
}