{
    "counter": {
        "ACTIVE": 8005,
        "INACTIVE": 1719,
        "INVALID": 0,
        "MALICIOUS": 0,
        "SANE": 0,
        "VALID": 0,
        "total": 9724
    },
    "percentage": {
        "ACTIVE": 82.32208967503085,
        "INACTIVE": 17.738107522443503,
        "INVALID": 0,
        "MALICIOUS": 0,
        "SANE": 0,
        "VALID": 0,
        "total": 100.06019719747435
    }
}