{
    "counter": {
        "ACTIVE": 2524,
        "INACTIVE": 556,
        "INVALID": 0,
        "MALICIOUS": 0,
        "SANE": 0,
        "VALID": 0,
        "total": 3080
    },
    "percentage": {
        "ACTIVE": 81.94805194805195,
        "INACTIVE": 18.057810977590126,
        "INVALID": 0,
        "MALICIOUS": 0,
        "SANE": 0,
        "VALID": 0,
        "total": 100.00586292564208
    }
}