{
    "counter": {
        "ACTIVE": 7925,
        "INACTIVE": 1718,
        "INVALID": 0,
        "MALICIOUS": 0,
        "SANE": 0,
        "VALID": 0,
        "total": 9643
    },
    "percentage": {
        "ACTIVE": 82.18396764492378,
        "INACTIVE": 17.880932556203163,
        "INVALID": 0,
        "MALICIOUS": 0,
        "SANE": 0,
        "VALID": 0,
        "total": 100.06490020112695
    }
}