{
    "counter": {
        "ACTIVE": 8988,
        "INACTIVE": 1746,
        "INVALID": 0,
        "MALICIOUS": 0,
        "SANE": 0,
        "VALID": 0,
        "total": 10734
    },
    "percentage": {
        "ACTIVE": 83.73392956959195,
        "INACTIVE": 16.625404684821937,
        "INVALID": 0,
        "MALICIOUS": 0,
        "SANE": 0,
        "VALID": 0,
        "total": 100.35933425441388
    }
}