{
    "counter": {
        "ACTIVE": 8113,
        "INACTIVE": 1722,
        "INVALID": 0,
        "MALICIOUS": 0,
        "SANE": 0,
        "VALID": 0,
        "total": 9835
    },
    "percentage": {
        "ACTIVE": 82.49110320284697,
        "INACTIVE": 17.51958490182114,
        "INVALID": 0,
        "MALICIOUS": 0,
        "SANE": 0,
        "VALID": 0,
        "total": 100.0106881046681
    }
}