{
    "counter": {
        "ACTIVE": 8576,
        "INACTIVE": 1726,
        "INVALID": 0,
        "MALICIOUS": 0,
        "SANE": 0,
        "VALID": 0,
        "total": 10302
    },
    "percentage": {
        "ACTIVE": 83.24597165598912,
        "INACTIVE": 16.84066738218363,
        "INVALID": 0,
        "MALICIOUS": 0,
        "SANE": 0,
        "VALID": 0,
        "total": 100.08663903817275
    }
}