{
    "counter": {
        "ACTIVE": 8470,
        "INACTIVE": 1724,
        "INVALID": 0,
        "MALICIOUS": 0,
        "SANE": 0,
        "VALID": 0,
        "total": 10194
    },
    "percentage": {
        "ACTIVE": 83.08809103394154,
        "INACTIVE": 17.22449795184334,
        "INVALID": 0,
        "MALICIOUS": 0,
        "SANE": 0,
        "VALID": 0,
        "total": 100.31258898578488
    }
}