{
    "counter": {
        "ACTIVE": 9540,
        "INACTIVE": 1767,
        "INVALID": 0,
        "MALICIOUS": 0,
        "SANE": 0,
        "VALID": 0,
        "total": 11307
    },
    "percentage": {
        "ACTIVE": 84.37251260281242,
        "INACTIVE": 15.684360021303036,
        "INVALID": 0,
        "MALICIOUS": 0,
        "SANE": 0,
        "VALID": 0,
        "total": 100.05687262411546
    }
}