{
    "counter": {
        "ACTIVE": 10089,
        "INACTIVE": 1785,
        "INVALID": 2,
        "MALICIOUS": 0,
        "SANE": 0,
        "VALID": 0,
        "total": 11876
    },
    "percentage": {
        "ACTIVE": 84.95284607611991,
        "INACTIVE": 15.041712311451926,
        "INVALID": 0.01726817475392851,
        "MALICIOUS": 0,
        "SANE": 0,
        "VALID": 0,
        "total": 100.01182656232577
    }
}