{
    "counter": {
        "ACTIVE": 8756,
        "INACTIVE": 1746,
        "INVALID": 0,
        "MALICIOUS": 0,
        "SANE": 0,
        "VALID": 0,
        "total": 10502
    },
    "percentage": {
        "ACTIVE": 83.38253499666699,
        "INACTIVE": 16.625404684821937,
        "INVALID": 0,
        "MALICIOUS": 0,
        "SANE": 0,
        "VALID": 0,
        "total": 100.00793968148892
    }
}