{
    "counter": {
        "ACTIVE": 9859,
        "INACTIVE": 1778,
        "INVALID": 2,
        "MALICIOUS": 0,
        "SANE": 0,
        "VALID": 0,
        "total": 11639
    },
    "percentage": {
        "ACTIVE": 84.70658991322279,
        "INACTIVE": 15.28016500515641,
        "INVALID": 0.01726817475392851,
        "MALICIOUS": 0,
        "SANE": 0,
        "VALID": 0,
        "total": 100.00402309313311
    }
}