{
    "counter": {
        "ACTIVE": 10713,
        "INACTIVE": 1889,
        "INVALID": 4,
        "MALICIOUS": 0,
        "SANE": 0,
        "VALID": 0,
        "total": 12606
    },
    "percentage": {
        "ACTIVE": 84.98334126606377,
        "INACTIVE": 14.986116620388735,
        "INVALID": 0.03235984143677696,
        "MALICIOUS": 0,
        "SANE": 0,
        "VALID": 0,
        "total": 100.00181772788929
    }
}