{
    "counter": {
        "ACTIVE": 9178,
        "INACTIVE": 1750,
        "INVALID": 0,
        "MALICIOUS": 0,
        "SANE": 0,
        "VALID": 0,
        "total": 10928
    },
    "percentage": {
        "ACTIVE": 83.98609077598829,
        "INACTIVE": 16.133493131741496,
        "INVALID": 0,
        "MALICIOUS": 0,
        "SANE": 0,
        "VALID": 0,
        "total": 100.11958390772978
    }
}