{
    "counter": {
        "ACTIVE": 8987,
        "INACTIVE": 1746,
        "INVALID": 0,
        "MALICIOUS": 0,
        "SANE": 0,
        "VALID": 0,
        "total": 10733
    },
    "percentage": {
        "ACTIVE": 83.73241405012578,
        "INACTIVE": 16.625404684821937,
        "INVALID": 0,
        "MALICIOUS": 0,
        "SANE": 0,
        "VALID": 0,
        "total": 100.35781873494773
    }
}