{
    "counter": {
        "ACTIVE": 7923,
        "INACTIVE": 1718,
        "INVALID": 0,
        "MALICIOUS": 0,
        "SANE": 0,
        "VALID": 0,
        "total": 9641
    },
    "percentage": {
        "ACTIVE": 82.1802717560419,
        "INACTIVE": 17.880932556203163,
        "INVALID": 0,
        "MALICIOUS": 0,
        "SANE": 0,
        "VALID": 0,
        "total": 100.06120431224507
    }
}