{
    "counter": {
        "ACTIVE": 9536,
        "INACTIVE": 1767,
        "INVALID": 0,
        "MALICIOUS": 0,
        "SANE": 0,
        "VALID": 0,
        "total": 11303
    },
    "percentage": {
        "ACTIVE": 84.3669822171105,
        "INACTIVE": 15.684360021303036,
        "INVALID": 0,
        "MALICIOUS": 0,
        "SANE": 0,
        "VALID": 0,
        "total": 100.05134223841354
    }
}