{
    "counter": {
        "ACTIVE": 9289,
        "INACTIVE": 1760,
        "INVALID": 0,
        "MALICIOUS": 0,
        "SANE": 0,
        "VALID": 0,
        "total": 11049
    },
    "percentage": {
        "ACTIVE": 84.07095664766042,
        "INACTIVE": 15.946362236114886,
        "INVALID": 0,
        "MALICIOUS": 0,
        "SANE": 0,
        "VALID": 0,
        "total": 100.01731888377532
    }
}