{
    "counter": {
        "ACTIVE": 11331,
        "INACTIVE": 2108,
        "INVALID": 4,
        "MALICIOUS": 0,
        "SANE": 0,
        "VALID": 0,
        "total": 13443
    },
    "percentage": {
        "ACTIVE": 84.28922115599197,
        "INACTIVE": 15.681023581045897,
        "INVALID": 0.029755262962136427,
        "MALICIOUS": 0.0,
        "SANE": 0.0,
        "VALID": 0.0,
        "total": 100.0
    }
}