{
    "counter": {
        "ACTIVE": 8166,
        "INACTIVE": 1723,
        "INVALID": 0,
        "MALICIOUS": 0,
        "SANE": 0,
        "VALID": 0,
        "total": 9889
    },
    "percentage": {
        "ACTIVE": 82.57660026291839,
        "INACTIVE": 17.48173701298701,
        "INVALID": 0,
        "MALICIOUS": 0,
        "SANE": 0,
        "VALID": 0,
        "total": 100.0583372759054
    }
}