{
    "counter": {
        "ACTIVE": 8543,
        "INACTIVE": 1726,
        "INVALID": 0,
        "MALICIOUS": 0,
        "SANE": 0,
        "VALID": 0,
        "total": 10269
    },
    "percentage": {
        "ACTIVE": 83.19213165838933,
        "INACTIVE": 16.84066738218363,
        "INVALID": 0,
        "MALICIOUS": 0,
        "SANE": 0,
        "VALID": 0,
        "total": 100.03279904057295
    }
}