{
    "counter": {
        "ACTIVE": 10082,
        "INACTIVE": 1785,
        "INVALID": 2,
        "MALICIOUS": 0,
        "SANE": 0,
        "VALID": 0,
        "total": 11869
    },
    "percentage": {
        "ACTIVE": 84.94397169095964,
        "INACTIVE": 15.041712311451926,
        "INVALID": 0.01726817475392851,
        "MALICIOUS": 0,
        "SANE": 0,
        "VALID": 0,
        "total": 100.0029521771655
    }
}