{
    "counter": {
        "ACTIVE": 7025,
        "INACTIVE": 1582,
        "INVALID": 0,
        "MALICIOUS": 0,
        "SANE": 0,
        "VALID": 0,
        "total": 8607
    },
    "percentage": {
        "ACTIVE": 81.6196119437667,
        "INACTIVE": 18.399627820423355,
        "INVALID": 0,
        "MALICIOUS": 0,
        "SANE": 0,
        "VALID": 0,
        "total": 100.01923976419005
    }
}