{
    "counter": {
        "ACTIVE": 9165,
        "INACTIVE": 1750,
        "INVALID": 0,
        "MALICIOUS": 0,
        "SANE": 0,
        "VALID": 0,
        "total": 10915
    },
    "percentage": {
        "ACTIVE": 83.96701786532294,
        "INACTIVE": 16.133493131741496,
        "INVALID": 0,
        "MALICIOUS": 0,
        "SANE": 0,
        "VALID": 0,
        "total": 100.10051099706445
    }
}