{
    "counter": {
        "ACTIVE": 6859,
        "INACTIVE": 1572,
        "INVALID": 0,
        "MALICIOUS": 0,
        "SANE": 0,
        "VALID": 0,
        "total": 8431
    },
    "percentage": {
        "ACTIVE": 81.35452496738228,
        "INACTIVE": 18.723201524535494,
        "INVALID": 0,
        "MALICIOUS": 0,
        "SANE": 0,
        "VALID": 0,
        "total": 100.07772649191777
    }
}