{
    "counter": {
        "ACTIVE": 2840,
        "INACTIVE": 748,
        "INVALID": 0,
        "MALICIOUS": 0,
        "SANE": 0,
        "VALID": 0,
        "total": 3588
    },
    "percentage": {
        "ACTIVE": 79.15273132664437,
        "INACTIVE": 20.928931169557917,
        "INVALID": 0,
        "MALICIOUS": 0,
        "SANE": 0,
        "VALID": 0,
        "total": 100.08166249620228
    }
}