{
    "counter": {
        "ACTIVE": 8557,
        "INACTIVE": 1726,
        "INVALID": 0,
        "MALICIOUS": 0,
        "SANE": 0,
        "VALID": 0,
        "total": 10283
    },
    "percentage": {
        "ACTIVE": 83.21501507342215,
        "INACTIVE": 16.84066738218363,
        "INVALID": 0,
        "MALICIOUS": 0,
        "SANE": 0,
        "VALID": 0,
        "total": 100.05568245560578
    }
}