{
    "counter": {
        "ACTIVE": 9728,
        "INACTIVE": 1772,
        "INVALID": 0,
        "MALICIOUS": 0,
        "SANE": 0,
        "VALID": 0,
        "total": 11500
    },
    "percentage": {
        "ACTIVE": 84.59130434782608,
        "INACTIVE": 15.453039155838493,
        "INVALID": 0,
        "MALICIOUS": 0,
        "SANE": 0,
        "VALID": 0,
        "total": 100.04434350366458
    }
}