{
    "counter": {
        "ACTIVE": 8177,
        "INACTIVE": 1723,
        "INVALID": 0,
        "MALICIOUS": 0,
        "SANE": 0,
        "VALID": 0,
        "total": 9900
    },
    "percentage": {
        "ACTIVE": 82.5959595959596,
        "INACTIVE": 17.48173701298701,
        "INVALID": 0,
        "MALICIOUS": 0,
        "SANE": 0,
        "VALID": 0,
        "total": 100.07769660894661
    }
}