{
    "counter": {
        "ACTIVE": 9992,
        "INACTIVE": 1780,
        "INVALID": 2,
        "MALICIOUS": 0,
        "SANE": 0,
        "VALID": 0,
        "total": 11774
    },
    "percentage": {
        "ACTIVE": 84.86495668421946,
        "INACTIVE": 15.136054421768707,
        "INVALID": 0.01726817475392851,
        "MALICIOUS": 0,
        "SANE": 0,
        "VALID": 0,
        "total": 100.01827928074209
    }
}