{
    "counter": {
        "ACTIVE": 11124,
        "INACTIVE": 2081,
        "INVALID": 4,
        "MALICIOUS": 0,
        "SANE": 0,
        "VALID": 0,
        "total": 13209
    },
    "percentage": {
        "ACTIVE": 84.21530774471951,
        "INACTIVE": 15.778300098566987,
        "INVALID": 0.03235984143677696,
        "MALICIOUS": 0,
        "SANE": 0,
        "VALID": 0,
        "total": 100.02596768472327
    }
}