{
    "counter": {
        "ACTIVE": 7964,
        "INACTIVE": 1718,
        "INVALID": 0,
        "MALICIOUS": 0,
        "SANE": 0,
        "VALID": 0,
        "total": 9682
    },
    "percentage": {
        "ACTIVE": 82.25573228671762,
        "INACTIVE": 17.880932556203163,
        "INVALID": 0,
        "MALICIOUS": 0,
        "SANE": 0,
        "VALID": 0,
        "total": 100.13666484292078
    }
}