{
    "counter": {
        "ACTIVE": 10837,
        "INACTIVE": 2056,
        "INVALID": 4,
        "MALICIOUS": 0,
        "SANE": 0,
        "VALID": 0,
        "total": 12897
    },
    "percentage": {
        "ACTIVE": 84.02729316895402,
        "INACTIVE": 15.942928039702233,
        "INVALID": 0.03235984143677696,
        "MALICIOUS": 0,
        "SANE": 0,
        "VALID": 0,
        "total": 100.00258105009303
    }
}