{
    "counter": {
        "ACTIVE": 9689,
        "INACTIVE": 1771,
        "INVALID": 0,
        "MALICIOUS": 0,
        "SANE": 0,
        "VALID": 0,
        "total": 11460
    },
    "percentage": {
        "ACTIVE": 84.54624781849913,
        "INACTIVE": 15.47265420234143,
        "INVALID": 0,
        "MALICIOUS": 0,
        "SANE": 0,
        "VALID": 0,
        "total": 100.01890202084056
    }
}