{
    "counter": {
        "ACTIVE": 9232,
        "INACTIVE": 1753,
        "INVALID": 0,
        "MALICIOUS": 0,
        "SANE": 0,
        "VALID": 0,
        "total": 10985
    },
    "percentage": {
        "ACTIVE": 84.04187528447883,
        "INACTIVE": 16.003286470695635,
        "INVALID": 0,
        "MALICIOUS": 0,
        "SANE": 0,
        "VALID": 0,
        "total": 100.04516175517446
    }
}