{
    "counter": {
        "ACTIVE": 7564,
        "INACTIVE": 1660,
        "INVALID": 0,
        "MALICIOUS": 0,
        "SANE": 0,
        "VALID": 0,
        "total": 9224
    },
    "percentage": {
        "ACTIVE": 82.00346921075456,
        "INACTIVE": 18.01801801801802,
        "INVALID": 0,
        "MALICIOUS": 0,
        "SANE": 0,
        "VALID": 0,
        "total": 100.02148722877257
    }
}