{
    "counter": {
        "ACTIVE": 8883,
        "INACTIVE": 1746,
        "INVALID": 0,
        "MALICIOUS": 0,
        "SANE": 0,
        "VALID": 0,
        "total": 10629
    },
    "percentage": {
        "ACTIVE": 83.57324301439458,
        "INACTIVE": 16.625404684821937,
        "INVALID": 0,
        "MALICIOUS": 0,
        "SANE": 0,
        "VALID": 0,
        "total": 100.19864769921651
    }
}