{
    "counter": {
        "ACTIVE": 8999,
        "INACTIVE": 1747,
        "INVALID": 0,
        "MALICIOUS": 0,
        "SANE": 0,
        "VALID": 0,
        "total": 10746
    },
    "percentage": {
        "ACTIVE": 83.7427880141448,
        "INACTIVE": 16.267808920756124,
        "INVALID": 0,
        "MALICIOUS": 0,
        "SANE": 0,
        "VALID": 0,
        "total": 100.01059693490092
    }
}