{
    "counter": {
        "ACTIVE": 9468,
        "INACTIVE": 1760,
        "INVALID": 0,
        "MALICIOUS": 0,
        "SANE": 0,
        "VALID": 0,
        "total": 11228
    },
    "percentage": {
        "ACTIVE": 84.32490203063769,
        "INACTIVE": 15.946362236114886,
        "INVALID": 0,
        "MALICIOUS": 0,
        "SANE": 0,
        "VALID": 0,
        "total": 100.27126426675258
    }
}