{
    "counter": {
        "ACTIVE": 9233,
        "INACTIVE": 1753,
        "INVALID": 0,
        "MALICIOUS": 0,
        "SANE": 0,
        "VALID": 0,
        "total": 10986
    },
    "percentage": {
        "ACTIVE": 84.04332787183688,
        "INACTIVE": 16.003286470695635,
        "INVALID": 0,
        "MALICIOUS": 0,
        "SANE": 0,
        "VALID": 0,
        "total": 100.04661434253251
    }
}