{
    "counter": {
        "ACTIVE": 9257,
        "INACTIVE": 1759,
        "INVALID": 0,
        "MALICIOUS": 0,
        "SANE": 0,
        "VALID": 0,
        "total": 11016
    },
    "percentage": {
        "ACTIVE": 84.03231663035585,
        "INACTIVE": 15.972033051847816,
        "INVALID": 0,
        "MALICIOUS": 0,
        "SANE": 0,
        "VALID": 0,
        "total": 100.00434968220367
    }
}