{
    "counter": {
        "ACTIVE": 1879,
        "INACTIVE": 188,
        "INVALID": 0,
        "MALICIOUS": 0,
        "SANE": 0,
        "VALID": 0,
        "total": 2067
    },
    "percentage": {
        "ACTIVE": 90.90469279148525,
        "INACTIVE": 9.112942317014058,
        "INVALID": 0,
        "MALICIOUS": 0,
        "SANE": 0,
        "VALID": 0,
        "total": 100.0176351084993
    }
}