{
    "counter": {
        "ACTIVE": 7963,
        "INACTIVE": 1718,
        "INVALID": 0,
        "MALICIOUS": 0,
        "SANE": 0,
        "VALID": 0,
        "total": 9681
    },
    "percentage": {
        "ACTIVE": 82.25389939055883,
        "INACTIVE": 17.880932556203163,
        "INVALID": 0,
        "MALICIOUS": 0,
        "SANE": 0,
        "VALID": 0,
        "total": 100.13483194676199
    }
}