{
    "counter": {
        "ACTIVE": 7796,
        "INACTIVE": 1708,
        "INVALID": 0,
        "MALICIOUS": 0,
        "SANE": 0,
        "VALID": 0,
        "total": 9504
    },
    "percentage": {
        "ACTIVE": 82.03725139429653,
        "INACTIVE": 17.97138047138047,
        "INVALID": 0,
        "MALICIOUS": 0,
        "SANE": 0,
        "VALID": 0,
        "total": 100.008631865677
    }
}