{
    "counter": {
        "ACTIVE": 9166,
        "INACTIVE": 1750,
        "INVALID": 0,
        "MALICIOUS": 0,
        "SANE": 0,
        "VALID": 0,
        "total": 10916
    },
    "percentage": {
        "ACTIVE": 83.96848662513742,
        "INACTIVE": 16.133493131741496,
        "INVALID": 0,
        "MALICIOUS": 0,
        "SANE": 0,
        "VALID": 0,
        "total": 100.1019797568789
    }
}