{
    "counter": {
        "ACTIVE": 9375,
        "INACTIVE": 1760,
        "INVALID": 0,
        "MALICIOUS": 0,
        "SANE": 0,
        "VALID": 0,
        "total": 11135
    },
    "percentage": {
        "ACTIVE": 84.19398293668613,
        "INACTIVE": 15.946362236114886,
        "INVALID": 0,
        "MALICIOUS": 0,
        "SANE": 0,
        "VALID": 0,
        "total": 100.140345172801
    }
}