{
    "counter": {
        "ACTIVE": 8184,
        "INACTIVE": 1723,
        "INVALID": 0,
        "MALICIOUS": 0,
        "SANE": 0,
        "VALID": 0,
        "total": 9907
    },
    "percentage": {
        "ACTIVE": 82.60825678812961,
        "INACTIVE": 17.48173701298701,
        "INVALID": 0,
        "MALICIOUS": 0,
        "SANE": 0,
        "VALID": 0,
        "total": 100.08999380111662
    }
}