{
    "counter": {
        "ACTIVE": 11374,
        "INACTIVE": 2111,
        "INVALID": 4,
        "MALICIOUS": 0,
        "SANE": 0,
        "VALID": 0,
        "total": 13489
    },
    "percentage": {
        "ACTIVE": 84.3205574912892,
        "INACTIVE": 15.649788716732152,
        "INVALID": 0.029653791978649268,
        "MALICIOUS": 0.0,
        "SANE": 0.0,
        "VALID": 0.0,
        "total": 99.99999999999999
    }
}