{
    "counter": {
        "ACTIVE": 7943,
        "INACTIVE": 1718,
        "INVALID": 0,
        "MALICIOUS": 0,
        "SANE": 0,
        "VALID": 0,
        "total": 9661
    },
    "percentage": {
        "ACTIVE": 82.21716178449437,
        "INACTIVE": 17.880932556203163,
        "INVALID": 0,
        "MALICIOUS": 0,
        "SANE": 0,
        "VALID": 0,
        "total": 100.09809434069753
    }
}