{
    "counter": {
        "ACTIVE": 10784,
        "INACTIVE": 2041,
        "INVALID": 4,
        "MALICIOUS": 0,
        "SANE": 0,
        "VALID": 0,
        "total": 12829
    },
    "percentage": {
        "ACTIVE": 84.05955257619456,
        "INACTIVE": 15.93162126297713,
        "INVALID": 0.03235984143677696,
        "MALICIOUS": 0,
        "SANE": 0,
        "VALID": 0,
        "total": 100.02353368060847
    }
}