{
    "counter": {
        "ACTIVE": 11204,
        "INACTIVE": 2090,
        "INVALID": 4,
        "MALICIOUS": 0,
        "SANE": 0,
        "VALID": 0,
        "total": 13298
    },
    "percentage": {
        "ACTIVE": 84.25327116859678,
        "INACTIVE": 15.716649120168446,
        "INVALID": 0.030079711234772145,
        "MALICIOUS": 0.0,
        "SANE": 0.0,
        "VALID": 0.0,
        "total": 100.0
    }
}