{
    "counter": {
        "ACTIVE": 9305,
        "INACTIVE": 1760,
        "INVALID": 0,
        "MALICIOUS": 0,
        "SANE": 0,
        "VALID": 0,
        "total": 11065
    },
    "percentage": {
        "ACTIVE": 84.09399005874378,
        "INACTIVE": 15.946362236114886,
        "INVALID": 0,
        "MALICIOUS": 0,
        "SANE": 0,
        "VALID": 0,
        "total": 100.04035229485868
    }
}