{
    "counter": {
        "ACTIVE": 9370,
        "INACTIVE": 1760,
        "INVALID": 0,
        "MALICIOUS": 0,
        "SANE": 0,
        "VALID": 0,
        "total": 11130
    },
    "percentage": {
        "ACTIVE": 84.18688230008985,
        "INACTIVE": 15.946362236114886,
        "INVALID": 0,
        "MALICIOUS": 0,
        "SANE": 0,
        "VALID": 0,
        "total": 100.13324453620473
    }
}