{
    "counter": {
        "ACTIVE": 8653,
        "INACTIVE": 1726,
        "INVALID": 0,
        "MALICIOUS": 0,
        "SANE": 0,
        "VALID": 0,
        "total": 10379
    },
    "percentage": {
        "ACTIVE": 83.37026688505637,
        "INACTIVE": 16.84066738218363,
        "INVALID": 0,
        "MALICIOUS": 0,
        "SANE": 0,
        "VALID": 0,
        "total": 100.21093426723999
    }
}