{
    "counter": {
        "ACTIVE": 9147,
        "INACTIVE": 1750,
        "INVALID": 0,
        "MALICIOUS": 0,
        "SANE": 0,
        "VALID": 0,
        "total": 10897
    },
    "percentage": {
        "ACTIVE": 83.94053409195192,
        "INACTIVE": 16.133493131741496,
        "INVALID": 0,
        "MALICIOUS": 0,
        "SANE": 0,
        "VALID": 0,
        "total": 100.0740272236934
    }
}