{
    "counter": {
        "ACTIVE": 8175,
        "INACTIVE": 1723,
        "INVALID": 0,
        "MALICIOUS": 0,
        "SANE": 0,
        "VALID": 0,
        "total": 9898
    },
    "percentage": {
        "ACTIVE": 82.59244291776116,
        "INACTIVE": 17.48173701298701,
        "INVALID": 0,
        "MALICIOUS": 0,
        "SANE": 0,
        "VALID": 0,
        "total": 100.07417993074817
    }
}