{
    "counter": {
        "ACTIVE": 9344,
        "INACTIVE": 1760,
        "INVALID": 0,
        "MALICIOUS": 0,
        "SANE": 0,
        "VALID": 0,
        "total": 11104
    },
    "percentage": {
        "ACTIVE": 84.14985590778097,
        "INACTIVE": 15.946362236114886,
        "INVALID": 0,
        "MALICIOUS": 0,
        "SANE": 0,
        "VALID": 0,
        "total": 100.09621814389587
    }
}