{
    "counter": {
        "ACTIVE": 8399,
        "INACTIVE": 1724,
        "INVALID": 0,
        "MALICIOUS": 0,
        "SANE": 0,
        "VALID": 0,
        "total": 10123
    },
    "percentage": {
        "ACTIVE": 82.96947545194112,
        "INACTIVE": 17.22449795184334,
        "INVALID": 0,
        "MALICIOUS": 0,
        "SANE": 0,
        "VALID": 0,
        "total": 100.19397340378447
    }
}