{
    "counter": {
        "ACTIVE": 7813,
        "INACTIVE": 1711,
        "INVALID": 0,
        "MALICIOUS": 0,
        "SANE": 0,
        "VALID": 0,
        "total": 9524
    },
    "percentage": {
        "ACTIVE": 82.03485930281394,
        "INACTIVE": 17.97080138640899,
        "INVALID": 0,
        "MALICIOUS": 0,
        "SANE": 0,
        "VALID": 0,
        "total": 100.00566068922294
    }
}