{
    "counter": {
        "ACTIVE": 9805,
        "INACTIVE": 1773,
        "INVALID": 0,
        "MALICIOUS": 0,
        "SANE": 0,
        "VALID": 0,
        "total": 11578
    },
    "percentage": {
        "ACTIVE": 84.6864743479012,
        "INACTIVE": 15.40533495525241,
        "INVALID": 0,
        "MALICIOUS": 0,
        "SANE": 0,
        "VALID": 0,
        "total": 100.09180930315361
    }
}