{
    "counter": {
        "ACTIVE": 11187,
        "INACTIVE": 2088,
        "INVALID": 4,
        "MALICIOUS": 0,
        "SANE": 0,
        "VALID": 0,
        "total": 13279
    },
    "percentage": {
        "ACTIVE": 84.24580164168988,
        "INACTIVE": 15.72407560810302,
        "INVALID": 0.030122750207093908,
        "MALICIOUS": 0.0,
        "SANE": 0.0,
        "VALID": 0.0,
        "total": 100.0
    }
}