{
    "counter": {
        "ACTIVE": 9630,
        "INACTIVE": 1768,
        "INVALID": 0,
        "MALICIOUS": 0,
        "SANE": 0,
        "VALID": 0,
        "total": 11398
    },
    "percentage": {
        "ACTIVE": 84.48850675557115,
        "INACTIVE": 15.5702333773668,
        "INVALID": 0,
        "MALICIOUS": 0,
        "SANE": 0,
        "VALID": 0,
        "total": 100.05874013293796
    }
}