{
    "counter": {
        "ACTIVE": 9749,
        "INACTIVE": 1773,
        "INVALID": 0,
        "MALICIOUS": 0,
        "SANE": 0,
        "VALID": 0,
        "total": 11522
    },
    "percentage": {
        "ACTIVE": 84.61204651970144,
        "INACTIVE": 15.40533495525241,
        "INVALID": 0,
        "MALICIOUS": 0,
        "SANE": 0,
        "VALID": 0,
        "total": 100.01738147495385
    }
}