{
    "counter": {
        "ACTIVE": 9733,
        "INACTIVE": 1772,
        "INVALID": 0,
        "MALICIOUS": 0,
        "SANE": 0,
        "VALID": 0,
        "total": 11505
    },
    "percentage": {
        "ACTIVE": 84.59800086918732,
        "INACTIVE": 15.453039155838493,
        "INVALID": 0,
        "MALICIOUS": 0,
        "SANE": 0,
        "VALID": 0,
        "total": 100.05104002502581
    }
}