{
    "counter": {
        "ACTIVE": 11355,
        "INACTIVE": 2110,
        "INVALID": 4,
        "MALICIOUS": 0,
        "SANE": 0,
        "VALID": 0,
        "total": 13469
    },
    "percentage": {
        "ACTIVE": 84.30469968074839,
        "INACTIVE": 15.66560249461727,
        "INVALID": 0.029697824634345536,
        "MALICIOUS": 0.0,
        "SANE": 0.0,
        "VALID": 0.0,
        "total": 100.0
    }
}