{
    "counter": {
        "ACTIVE": 2161,
        "INACTIVE": 355,
        "INVALID": 0,
        "MALICIOUS": 0,
        "SANE": 0,
        "VALID": 0,
        "total": 2516
    },
    "percentage": {
        "ACTIVE": 85.92445328031809,
        "INACTIVE": 14.109697933227345,
        "INVALID": 0,
        "MALICIOUS": 0,
        "SANE": 0,
        "VALID": 0,
        "total": 100.03415121354544
    }
}