{
    "counter": {
        "ACTIVE": 11338,
        "INACTIVE": 2108,
        "INVALID": 4,
        "MALICIOUS": 0,
        "SANE": 0,
        "VALID": 0,
        "total": 13450
    },
    "percentage": {
        "ACTIVE": 84.29739776951673,
        "INACTIVE": 15.672862453531598,
        "INVALID": 0.02973977695167286,
        "MALICIOUS": 0.0,
        "SANE": 0.0,
        "VALID": 0.0,
        "total": 100.0
    }
}