{
    "counter": {
        "ACTIVE": 8131,
        "INACTIVE": 1722,
        "INVALID": 0,
        "MALICIOUS": 0,
        "SANE": 0,
        "VALID": 0,
        "total": 9853
    },
    "percentage": {
        "ACTIVE": 82.52308941439155,
        "INACTIVE": 17.51958490182114,
        "INVALID": 0,
        "MALICIOUS": 0,
        "SANE": 0,
        "VALID": 0,
        "total": 100.0426743162127
    }
}