{
    "counter": {
        "ACTIVE": 265,
        "INACTIVE": 5,
        "INVALID": 0,
        "MALICIOUS": 0,
        "SANE": 0,
        "VALID": 0,
        "total": 270
    },
    "percentage": {
        "ACTIVE": 98.14814814814815,
        "INACTIVE": 2.4154589371980677,
        "INVALID": 0,
        "MALICIOUS": 0,
        "SANE": 0,
        "VALID": 0,
        "total": 100.56360708534622
    }
}