{
    "counter": {
        "ACTIVE": 2825,
        "INACTIVE": 746,
        "INVALID": 0,
        "MALICIOUS": 0,
        "SANE": 0,
        "VALID": 0,
        "total": 3571
    },
    "percentage": {
        "ACTIVE": 79.1094931391767,
        "INACTIVE": 20.925666199158485,
        "INVALID": 0,
        "MALICIOUS": 0,
        "SANE": 0,
        "VALID": 0,
        "total": 100.03515933833519
    }
}