{
    "counter": {
        "ACTIVE": 7719,
        "INACTIVE": 1700,
        "INVALID": 0,
        "MALICIOUS": 0,
        "SANE": 0,
        "VALID": 0,
        "total": 9419
    },
    "percentage": {
        "ACTIVE": 81.95137488056056,
        "INACTIVE": 18.06396769737541,
        "INVALID": 0,
        "MALICIOUS": 0,
        "SANE": 0,
        "VALID": 0,
        "total": 100.01534257793597
    }
}