{
    "counter": {
        "ACTIVE": 7920,
        "INACTIVE": 1718,
        "INVALID": 0,
        "MALICIOUS": 0,
        "SANE": 0,
        "VALID": 0,
        "total": 9638
    },
    "percentage": {
        "ACTIVE": 82.17472504669018,
        "INACTIVE": 17.880932556203163,
        "INVALID": 0,
        "MALICIOUS": 0,
        "SANE": 0,
        "VALID": 0,
        "total": 100.05565760289335
    }
}