{
    "counter": {
        "ACTIVE": 2692,
        "INACTIVE": 684,
        "INVALID": 0,
        "MALICIOUS": 0,
        "SANE": 0,
        "VALID": 0,
        "total": 3376
    },
    "percentage": {
        "ACTIVE": 79.739336492891,
        "INACTIVE": 20.266666666666666,
        "INVALID": 0,
        "MALICIOUS": 0,
        "SANE": 0,
        "VALID": 0,
        "total": 100.00600315955766
    }
}