{
    "counter": {
        "ACTIVE": 8915,
        "INACTIVE": 1746,
        "INVALID": 0,
        "MALICIOUS": 0,
        "SANE": 0,
        "VALID": 0,
        "total": 10661
    },
    "percentage": {
        "ACTIVE": 83.62254947941094,
        "INACTIVE": 16.625404684821937,
        "INVALID": 0,
        "MALICIOUS": 0,
        "SANE": 0,
        "VALID": 0,
        "total": 100.24795416423288
    }
}