{
    "counter": {
        "ACTIVE": 7984,
        "INACTIVE": 1719,
        "INVALID": 0,
        "MALICIOUS": 0,
        "SANE": 0,
        "VALID": 0,
        "total": 9703
    },
    "percentage": {
        "ACTIVE": 82.28382974337833,
        "INACTIVE": 17.738107522443503,
        "INVALID": 0,
        "MALICIOUS": 0,
        "SANE": 0,
        "VALID": 0,
        "total": 100.02193726582183
    }
}