{
    "counter": {
        "ACTIVE": 8059,
        "INACTIVE": 1719,
        "INVALID": 0,
        "MALICIOUS": 0,
        "SANE": 0,
        "VALID": 0,
        "total": 9778
    },
    "percentage": {
        "ACTIVE": 82.41971773368788,
        "INACTIVE": 17.738107522443503,
        "INVALID": 0,
        "MALICIOUS": 0,
        "SANE": 0,
        "VALID": 0,
        "total": 100.15782525613137
    }
}