{
    "counter": {
        "ACTIVE": 8192,
        "INACTIVE": 1723,
        "INVALID": 0,
        "MALICIOUS": 0,
        "SANE": 0,
        "VALID": 0,
        "total": 9915
    },
    "percentage": {
        "ACTIVE": 82.62228946041351,
        "INACTIVE": 17.48173701298701,
        "INVALID": 0,
        "MALICIOUS": 0,
        "SANE": 0,
        "VALID": 0,
        "total": 100.10402647340052
    }
}