{
    "counter": {
        "ACTIVE": 9269,
        "INACTIVE": 1759,
        "INVALID": 0,
        "MALICIOUS": 0,
        "SANE": 0,
        "VALID": 0,
        "total": 11028
    },
    "percentage": {
        "ACTIVE": 84.04969169387014,
        "INACTIVE": 15.972033051847816,
        "INVALID": 0,
        "MALICIOUS": 0,
        "SANE": 0,
        "VALID": 0,
        "total": 100.02172474571796
    }
}