{
    "counter": {
        "ACTIVE": 9156,
        "INACTIVE": 1750,
        "INVALID": 0,
        "MALICIOUS": 0,
        "SANE": 0,
        "VALID": 0,
        "total": 10906
    },
    "percentage": {
        "ACTIVE": 83.95378690629012,
        "INACTIVE": 16.133493131741496,
        "INVALID": 0,
        "MALICIOUS": 0,
        "SANE": 0,
        "VALID": 0,
        "total": 100.08728003803162
    }
}