{
    "counter": {
        "ACTIVE": 9970,
        "INACTIVE": 1779,
        "INVALID": 2,
        "MALICIOUS": 0,
        "SANE": 0,
        "VALID": 0,
        "total": 11751
    },
    "percentage": {
        "ACTIVE": 84.84384307718491,
        "INACTIVE": 15.250750107158165,
        "INVALID": 0.01726817475392851,
        "MALICIOUS": 0,
        "SANE": 0,
        "VALID": 0,
        "total": 100.111861359097
    }
}