{
    "counter": {
        "ACTIVE": 10537,
        "INACTIVE": 1788,
        "INVALID": 2,
        "MALICIOUS": 0,
        "SANE": 0,
        "VALID": 0,
        "total": 12327
    },
    "percentage": {
        "ACTIVE": 85.47902977204511,
        "INACTIVE": 14.957336456416263,
        "INVALID": 0.01726817475392851,
        "MALICIOUS": 0,
        "SANE": 0,
        "VALID": 0,
        "total": 100.45363440321529
    }
}