{
    "counter": {
        "ACTIVE": 9071,
        "INACTIVE": 1749,
        "INVALID": 0,
        "MALICIOUS": 0,
        "SANE": 0,
        "VALID": 0,
        "total": 10820
    },
    "percentage": {
        "ACTIVE": 83.8354898336414,
        "INACTIVE": 16.191446028513237,
        "INVALID": 0,
        "MALICIOUS": 0,
        "SANE": 0,
        "VALID": 0,
        "total": 100.02693586215464
    }
}