{
    "counter": {
        "ACTIVE": 9927,
        "INACTIVE": 1779,
        "INVALID": 2,
        "MALICIOUS": 0,
        "SANE": 0,
        "VALID": 0,
        "total": 11708
    },
    "percentage": {
        "ACTIVE": 84.78817902289033,
        "INACTIVE": 15.250750107158165,
        "INVALID": 0.01726817475392851,
        "MALICIOUS": 0,
        "SANE": 0,
        "VALID": 0,
        "total": 100.05619730480242
    }
}