{
    "counter": {
        "ACTIVE": 11119,
        "INACTIVE": 2081,
        "INVALID": 4,
        "MALICIOUS": 0,
        "SANE": 0,
        "VALID": 0,
        "total": 13204
    },
    "percentage": {
        "ACTIVE": 84.2093305059073,
        "INACTIVE": 15.778300098566987,
        "INVALID": 0.03235984143677696,
        "MALICIOUS": 0,
        "SANE": 0,
        "VALID": 0,
        "total": 100.01999044591106
    }
}