{
    "counter": {
        "ACTIVE": 9694,
        "INACTIVE": 1771,
        "INVALID": 0,
        "MALICIOUS": 0,
        "SANE": 0,
        "VALID": 0,
        "total": 11465
    },
    "percentage": {
        "ACTIVE": 84.5529873528129,
        "INACTIVE": 15.47265420234143,
        "INVALID": 0,
        "MALICIOUS": 0,
        "SANE": 0,
        "VALID": 0,
        "total": 100.02564155515434
    }
}