{
    "counter": {
        "ACTIVE": 9499,
        "INACTIVE": 1767,
        "INVALID": 0,
        "MALICIOUS": 0,
        "SANE": 0,
        "VALID": 0,
        "total": 11266
    },
    "percentage": {
        "ACTIVE": 84.3231247225921,
        "INACTIVE": 15.684360021303036,
        "INVALID": 0,
        "MALICIOUS": 0,
        "SANE": 0,
        "VALID": 0,
        "total": 100.00748474389513
    }
}