{
    "counter": {
        "ACTIVE": 4651,
        "INACTIVE": 841,
        "INVALID": 0,
        "MALICIOUS": 0,
        "SANE": 0,
        "VALID": 0,
        "total": 5492
    },
    "percentage": {
        "ACTIVE": 84.68681718863802,
        "INACTIVE": 15.33831843881087,
        "INVALID": 0,
        "MALICIOUS": 0,
        "SANE": 0,
        "VALID": 0,
        "total": 100.02513562744889
    }
}