{
    "counter": {
        "ACTIVE": 9115,
        "INACTIVE": 1750,
        "INVALID": 0,
        "MALICIOUS": 0,
        "SANE": 0,
        "VALID": 0,
        "total": 10865
    },
    "percentage": {
        "ACTIVE": 83.89323515876669,
        "INACTIVE": 16.133493131741496,
        "INVALID": 0,
        "MALICIOUS": 0,
        "SANE": 0,
        "VALID": 0,
        "total": 100.02672829050817
    }
}