{
    "counter": {
        "ACTIVE": 11062,
        "INACTIVE": 2078,
        "INVALID": 4,
        "MALICIOUS": 0,
        "SANE": 0,
        "VALID": 0,
        "total": 13144
    },
    "percentage": {
        "ACTIVE": 84.1600730371272,
        "INACTIVE": 15.839621922402623,
        "INVALID": 0.03235984143677696,
        "MALICIOUS": 0,
        "SANE": 0,
        "VALID": 0,
        "total": 100.0320548009666
    }
}