{
    "counter": {
        "ACTIVE": 8257,
        "INACTIVE": 1723,
        "INVALID": 0,
        "MALICIOUS": 0,
        "SANE": 0,
        "VALID": 0,
        "total": 9980
    },
    "percentage": {
        "ACTIVE": 82.73547094188376,
        "INACTIVE": 17.48173701298701,
        "INVALID": 0,
        "MALICIOUS": 0,
        "SANE": 0,
        "VALID": 0,
        "total": 100.21720795487077
    }
}