{
    "counter": {
        "ACTIVE": 9476,
        "INACTIVE": 1760,
        "INVALID": 0,
        "MALICIOUS": 0,
        "SANE": 0,
        "VALID": 0,
        "total": 11236
    },
    "percentage": {
        "ACTIVE": 84.33606265574937,
        "INACTIVE": 15.946362236114886,
        "INVALID": 0,
        "MALICIOUS": 0,
        "SANE": 0,
        "VALID": 0,
        "total": 100.28242489186425
    }
}