{
    "counter": {
        "ACTIVE": 11022,
        "INACTIVE": 2075,
        "INVALID": 4,
        "MALICIOUS": 0,
        "SANE": 0,
        "VALID": 0,
        "total": 13101
    },
    "percentage": {
        "ACTIVE": 84.1309823677582,
        "INACTIVE": 15.88212782242633,
        "INVALID": 0.03235984143677696,
        "MALICIOUS": 0,
        "SANE": 0,
        "VALID": 0,
        "total": 100.04547003162129
    }
}