{
    "counter": {
        "ACTIVE": 10759,
        "INACTIVE": 1962,
        "INVALID": 4,
        "MALICIOUS": 0,
        "SANE": 0,
        "VALID": 0,
        "total": 12725
    },
    "percentage": {
        "ACTIVE": 84.5500982318271,
        "INACTIVE": 15.429380308273041,
        "INVALID": 0.03235984143677696,
        "MALICIOUS": 0,
        "SANE": 0,
        "VALID": 0,
        "total": 100.01183838153692
    }
}