{
    "counter": {
        "ACTIVE": 9813,
        "INACTIVE": 1773,
        "INVALID": 2,
        "MALICIOUS": 0,
        "SANE": 0,
        "VALID": 0,
        "total": 11588
    },
    "percentage": {
        "ACTIVE": 84.68243010010356,
        "INACTIVE": 15.40533495525241,
        "INVALID": 0.01726817475392851,
        "MALICIOUS": 0,
        "SANE": 0,
        "VALID": 0,
        "total": 100.1050332301099
    }
}