{
    "counter": {
        "ACTIVE": 7921,
        "INACTIVE": 1718,
        "INVALID": 0,
        "MALICIOUS": 0,
        "SANE": 0,
        "VALID": 0,
        "total": 9639
    },
    "percentage": {
        "ACTIVE": 82.17657433343707,
        "INACTIVE": 17.880932556203163,
        "INVALID": 0,
        "MALICIOUS": 0,
        "SANE": 0,
        "VALID": 0,
        "total": 100.05750688964024
    }
}