{
    "counter": {
        "ACTIVE": 9383,
        "INACTIVE": 1760,
        "INVALID": 0,
        "MALICIOUS": 0,
        "SANE": 0,
        "VALID": 0,
        "total": 11143
    },
    "percentage": {
        "ACTIVE": 84.20533070088845,
        "INACTIVE": 15.946362236114886,
        "INVALID": 0,
        "MALICIOUS": 0,
        "SANE": 0,
        "VALID": 0,
        "total": 100.15169293700333
    }
}