{
    "counter": {
        "ACTIVE": 10275,
        "INACTIVE": 1788,
        "INVALID": 2,
        "MALICIOUS": 0,
        "SANE": 0,
        "VALID": 0,
        "total": 12065
    },
    "percentage": {
        "ACTIVE": 85.16369664318276,
        "INACTIVE": 14.957336456416263,
        "INVALID": 0.01726817475392851,
        "MALICIOUS": 0,
        "SANE": 0,
        "VALID": 0,
        "total": 100.13830127435294
    }
}