{
    "counter": {
        "ACTIVE": 2845,
        "INACTIVE": 748,
        "INVALID": 0,
        "MALICIOUS": 0,
        "SANE": 0,
        "VALID": 0,
        "total": 3593
    },
    "percentage": {
        "ACTIVE": 79.18174227664905,
        "INACTIVE": 20.928931169557917,
        "INVALID": 0,
        "MALICIOUS": 0,
        "SANE": 0,
        "VALID": 0,
        "total": 100.11067344620696
    }
}