{
    "counter": {
        "ACTIVE": 9465,
        "INACTIVE": 1760,
        "INVALID": 0,
        "MALICIOUS": 0,
        "SANE": 0,
        "VALID": 0,
        "total": 11225
    },
    "percentage": {
        "ACTIVE": 84.3207126948775,
        "INACTIVE": 15.946362236114886,
        "INVALID": 0,
        "MALICIOUS": 0,
        "SANE": 0,
        "VALID": 0,
        "total": 100.26707493099238
    }
}