{
    "counter": {
        "ACTIVE": 10741,
        "INACTIVE": 1889,
        "INVALID": 4,
        "MALICIOUS": 0,
        "SANE": 0,
        "VALID": 0,
        "total": 12634
    },
    "percentage": {
        "ACTIVE": 85.01662181415229,
        "INACTIVE": 14.986116620388735,
        "INVALID": 0.03235984143677696,
        "MALICIOUS": 0,
        "SANE": 0,
        "VALID": 0,
        "total": 100.03509827597779
    }
}