{
    "counter": {
        "ACTIVE": 8911,
        "INACTIVE": 1746,
        "INVALID": 0,
        "MALICIOUS": 0,
        "SANE": 0,
        "VALID": 0,
        "total": 10657
    },
    "percentage": {
        "ACTIVE": 83.61640236464295,
        "INACTIVE": 16.625404684821937,
        "INVALID": 0,
        "MALICIOUS": 0,
        "SANE": 0,
        "VALID": 0,
        "total": 100.24180704946488
    }
}