{
    "counter": {
        "ACTIVE": 9531,
        "INACTIVE": 1767,
        "INVALID": 0,
        "MALICIOUS": 0,
        "SANE": 0,
        "VALID": 0,
        "total": 11298
    },
    "percentage": {
        "ACTIVE": 84.36006372809346,
        "INACTIVE": 15.684360021303036,
        "INVALID": 0,
        "MALICIOUS": 0,
        "SANE": 0,
        "VALID": 0,
        "total": 100.0444237493965
    }
}