{
    "counter": {
        "ACTIVE": 10948,
        "INACTIVE": 2074,
        "INVALID": 4,
        "MALICIOUS": 0,
        "SANE": 0,
        "VALID": 0,
        "total": 13026
    },
    "percentage": {
        "ACTIVE": 84.04729003531399,
        "INACTIVE": 16.038976103936278,
        "INVALID": 0.03235984143677696,
        "MALICIOUS": 0,
        "SANE": 0,
        "VALID": 0,
        "total": 100.11862598068704
    }
}