{
    "counter": {
        "ACTIVE": 10079,
        "INACTIVE": 1784,
        "INVALID": 2,
        "MALICIOUS": 0,
        "SANE": 0,
        "VALID": 0,
        "total": 11865
    },
    "percentage": {
        "ACTIVE": 84.94732406236831,
        "INACTIVE": 15.042158516020237,
        "INVALID": 0.01726817475392851,
        "MALICIOUS": 0,
        "SANE": 0,
        "VALID": 0,
        "total": 100.00675075314247
    }
}