{
    "counter": {
        "ACTIVE": 8061,
        "INACTIVE": 1719,
        "INVALID": 0,
        "MALICIOUS": 0,
        "SANE": 0,
        "VALID": 0,
        "total": 9780
    },
    "percentage": {
        "ACTIVE": 82.42331288343559,
        "INACTIVE": 17.738107522443503,
        "INVALID": 0,
        "MALICIOUS": 0,
        "SANE": 0,
        "VALID": 0,
        "total": 100.16142040587908
    }
}