{
    "counter": {
        "ACTIVE": 10763,
        "INACTIVE": 1971,
        "INVALID": 4,
        "MALICIOUS": 0,
        "SANE": 0,
        "VALID": 0,
        "total": 12738
    },
    "percentage": {
        "ACTIVE": 84.50184501845018,
        "INACTIVE": 15.473386716910033,
        "INVALID": 0.03235984143677696,
        "MALICIOUS": 0,
        "SANE": 0,
        "VALID": 0,
        "total": 100.00759157679698
    }
}