{
    "counter": {
        "ACTIVE": 9062,
        "INACTIVE": 1749,
        "INVALID": 0,
        "MALICIOUS": 0,
        "SANE": 0,
        "VALID": 0,
        "total": 10811
    },
    "percentage": {
        "ACTIVE": 83.82203311442049,
        "INACTIVE": 16.191446028513237,
        "INVALID": 0,
        "MALICIOUS": 0,
        "SANE": 0,
        "VALID": 0,
        "total": 100.01347914293373
    }
}