{
    "counter": {
        "ACTIVE": 9307,
        "INACTIVE": 1760,
        "INVALID": 0,
        "MALICIOUS": 0,
        "SANE": 0,
        "VALID": 0,
        "total": 11067
    },
    "percentage": {
        "ACTIVE": 84.09686455227252,
        "INACTIVE": 15.946362236114886,
        "INVALID": 0,
        "MALICIOUS": 0,
        "SANE": 0,
        "VALID": 0,
        "total": 100.04322678838741
    }
}