{
    "counter": {
        "ACTIVE": 1789,
        "INACTIVE": 137,
        "INVALID": 0,
        "MALICIOUS": 0,
        "SANE": 0,
        "VALID": 0,
        "total": 1926
    },
    "percentage": {
        "ACTIVE": 92.93506493506493,
        "INACTIVE": 7.11318795430945,
        "INVALID": 0,
        "MALICIOUS": 0,
        "SANE": 0,
        "VALID": 0,
        "total": 100.04825288937438
    }
}