{
    "counter": {
        "ACTIVE": 10711,
        "INACTIVE": 1861,
        "INVALID": 4,
        "MALICIOUS": 0,
        "SANE": 0,
        "VALID": 0,
        "total": 12576
    },
    "percentage": {
        "ACTIVE": 85.17016539440203,
        "INACTIVE": 14.801558896047085,
        "INVALID": 0.03235984143677696,
        "MALICIOUS": 0,
        "SANE": 0,
        "VALID": 0,
        "total": 100.00408413188589
    }
}