{
    "counter": {
        "ACTIVE": 7931,
        "INACTIVE": 1718,
        "INVALID": 0,
        "MALICIOUS": 0,
        "SANE": 0,
        "VALID": 0,
        "total": 9649
    },
    "percentage": {
        "ACTIVE": 82.19504611876879,
        "INACTIVE": 17.880932556203163,
        "INVALID": 0,
        "MALICIOUS": 0,
        "SANE": 0,
        "VALID": 0,
        "total": 100.07597867497195
    }
}