{
    "counter": {
        "ACTIVE": 8665,
        "INACTIVE": 1726,
        "INVALID": 0,
        "MALICIOUS": 0,
        "SANE": 0,
        "VALID": 0,
        "total": 10391
    },
    "percentage": {
        "ACTIVE": 83.38947165816572,
        "INACTIVE": 16.84066738218363,
        "INVALID": 0,
        "MALICIOUS": 0,
        "SANE": 0,
        "VALID": 0,
        "total": 100.23013904034934
    }
}