{
    "counter": {
        "ACTIVE": 11188,
        "INACTIVE": 2088,
        "INVALID": 4,
        "MALICIOUS": 0,
        "SANE": 0,
        "VALID": 0,
        "total": 13280
    },
    "percentage": {
        "ACTIVE": 84.24698795180723,
        "INACTIVE": 15.72289156626506,
        "INVALID": 0.030120481927710843,
        "MALICIOUS": 0.0,
        "SANE": 0.0,
        "VALID": 0.0,
        "total": 100.0
    }
}