{
    "counter": {
        "ACTIVE": 7968,
        "INACTIVE": 1718,
        "INVALID": 0,
        "MALICIOUS": 0,
        "SANE": 0,
        "VALID": 0,
        "total": 9686
    },
    "percentage": {
        "ACTIVE": 82.2630600867231,
        "INACTIVE": 17.880932556203163,
        "INVALID": 0,
        "MALICIOUS": 0,
        "SANE": 0,
        "VALID": 0,
        "total": 100.14399264292626
    }
}