{
    "counter": {
        "ACTIVE": 9473,
        "INACTIVE": 1760,
        "INVALID": 0,
        "MALICIOUS": 0,
        "SANE": 0,
        "VALID": 0,
        "total": 11233
    },
    "percentage": {
        "ACTIVE": 84.33187928425176,
        "INACTIVE": 15.946362236114886,
        "INVALID": 0,
        "MALICIOUS": 0,
        "SANE": 0,
        "VALID": 0,
        "total": 100.27824152036663
    }
}