{
    "counter": {
        "ACTIVE": 9498,
        "INACTIVE": 1766,
        "INVALID": 0,
        "MALICIOUS": 0,
        "SANE": 0,
        "VALID": 0,
        "total": 11264
    },
    "percentage": {
        "ACTIVE": 84.32173295454545,
        "INACTIVE": 15.679659060641036,
        "INVALID": 0,
        "MALICIOUS": 0,
        "SANE": 0,
        "VALID": 0,
        "total": 100.0013920151865
    }
}