{
    "counter": {
        "ACTIVE": 11372,
        "INACTIVE": 2111,
        "INVALID": 4,
        "MALICIOUS": 0,
        "SANE": 0,
        "VALID": 0,
        "total": 13487
    },
    "percentage": {
        "ACTIVE": 84.3182323719137,
        "INACTIVE": 15.652109438718766,
        "INVALID": 0.02965818936753911,
        "MALICIOUS": 0.0,
        "SANE": 0.0,
        "VALID": 0.0,
        "total": 100.0
    }
}