{
    "counter": {
        "ACTIVE": 9492,
        "INACTIVE": 1765,
        "INVALID": 0,
        "MALICIOUS": 0,
        "SANE": 0,
        "VALID": 0,
        "total": 11257
    },
    "percentage": {
        "ACTIVE": 84.32086701607888,
        "INACTIVE": 15.68610024884465,
        "INVALID": 0,
        "MALICIOUS": 0,
        "SANE": 0,
        "VALID": 0,
        "total": 100.00696726492353
    }
}