{
    "counter": {
        "ACTIVE": 10557,
        "INACTIVE": 1802,
        "INVALID": 4,
        "MALICIOUS": 0,
        "SANE": 0,
        "VALID": 0,
        "total": 12363
    },
    "percentage": {
        "ACTIVE": 85.39189517107498,
        "INACTIVE": 14.601734057207683,
        "INVALID": 0.03235984143677696,
        "MALICIOUS": 0,
        "SANE": 0,
        "VALID": 0,
        "total": 100.02598906971943
    }
}