{
    "counter": {
        "ACTIVE": 8793,
        "INACTIVE": 1746,
        "INVALID": 0,
        "MALICIOUS": 0,
        "SANE": 0,
        "VALID": 0,
        "total": 10539
    },
    "percentage": {
        "ACTIVE": 83.43296327924851,
        "INACTIVE": 16.625404684821937,
        "INVALID": 0,
        "MALICIOUS": 0,
        "SANE": 0,
        "VALID": 0,
        "total": 100.05836796407044
    }
}