{
    "counter": {
        "ACTIVE": 9109,
        "INACTIVE": 1750,
        "INVALID": 0,
        "MALICIOUS": 0,
        "SANE": 0,
        "VALID": 0,
        "total": 10859
    },
    "percentage": {
        "ACTIVE": 83.8843355741781,
        "INACTIVE": 16.133493131741496,
        "INVALID": 0,
        "MALICIOUS": 0,
        "SANE": 0,
        "VALID": 0,
        "total": 100.01782870591958
    }
}