{
    "counter": {
        "ACTIVE": 11153,
        "INACTIVE": 2081,
        "INVALID": 4,
        "MALICIOUS": 0,
        "SANE": 0,
        "VALID": 0,
        "total": 13238
    },
    "percentage": {
        "ACTIVE": 84.2498866898323,
        "INACTIVE": 15.719897265447953,
        "INVALID": 0.030216044719746184,
        "MALICIOUS": 0.0,
        "SANE": 0.0,
        "VALID": 0.0,
        "total": 100.0
    }
}