{
    "counter": {
        "ACTIVE": 9389,
        "INACTIVE": 1760,
        "INVALID": 0,
        "MALICIOUS": 0,
        "SANE": 0,
        "VALID": 0,
        "total": 11149
    },
    "percentage": {
        "ACTIVE": 84.21383083684636,
        "INACTIVE": 15.946362236114886,
        "INVALID": 0,
        "MALICIOUS": 0,
        "SANE": 0,
        "VALID": 0,
        "total": 100.16019307296125
    }
}