{
    "counter": {
        "ACTIVE": 8396,
        "INACTIVE": 1724,
        "INVALID": 0,
        "MALICIOUS": 0,
        "SANE": 0,
        "VALID": 0,
        "total": 10120
    },
    "percentage": {
        "ACTIVE": 82.96442687747036,
        "INACTIVE": 17.22449795184334,
        "INVALID": 0,
        "MALICIOUS": 0,
        "SANE": 0,
        "VALID": 0,
        "total": 100.18892482931369
    }
}