{
    "counter": {
        "ACTIVE": 11138,
        "INACTIVE": 2081,
        "INVALID": 4,
        "MALICIOUS": 0,
        "SANE": 0,
        "VALID": 0,
        "total": 13223
    },
    "percentage": {
        "ACTIVE": 84.23201996521213,
        "INACTIVE": 15.778300098566987,
        "INVALID": 0.03235984143677696,
        "MALICIOUS": 0,
        "SANE": 0,
        "VALID": 0,
        "total": 100.04267990521589
    }
}