{
    "counter": {
        "ACTIVE": 8464,
        "INACTIVE": 1724,
        "INVALID": 0,
        "MALICIOUS": 0,
        "SANE": 0,
        "VALID": 0,
        "total": 10188
    },
    "percentage": {
        "ACTIVE": 83.07813113466824,
        "INACTIVE": 17.22449795184334,
        "INVALID": 0,
        "MALICIOUS": 0,
        "SANE": 0,
        "VALID": 0,
        "total": 100.30262908651159
    }
}