{
    "counter": {
        "ACTIVE": 11335,
        "INACTIVE": 2108,
        "INVALID": 4,
        "MALICIOUS": 0,
        "SANE": 0,
        "VALID": 0,
        "total": 13447
    },
    "percentage": {
        "ACTIVE": 84.29389454897003,
        "INACTIVE": 15.676359039190897,
        "INVALID": 0.029746411839071913,
        "MALICIOUS": 0.0,
        "SANE": 0.0,
        "VALID": 0.0,
        "total": 100.0
    }
}