{
    "counter": {
        "ACTIVE": 7340,
        "INACTIVE": 1628,
        "INVALID": 0,
        "MALICIOUS": 0,
        "SANE": 0,
        "VALID": 0,
        "total": 8968
    },
    "percentage": {
        "ACTIVE": 81.84656556645852,
        "INACTIVE": 18.19400983459991,
        "INVALID": 0,
        "MALICIOUS": 0,
        "SANE": 0,
        "VALID": 0,
        "total": 100.04057540105843
    }
}