{
    "counter": {
        "ACTIVE": 7874,
        "INACTIVE": 1716,
        "INVALID": 0,
        "MALICIOUS": 0,
        "SANE": 0,
        "VALID": 0,
        "total": 9590
    },
    "percentage": {
        "ACTIVE": 82.10636079249218,
        "INACTIVE": 17.936657259328943,
        "INVALID": 0,
        "MALICIOUS": 0,
        "SANE": 0,
        "VALID": 0,
        "total": 100.04301805182112
    }
}