{
    "counter": {
        "ACTIVE": 7358,
        "INACTIVE": 1628,
        "INVALID": 0,
        "MALICIOUS": 0,
        "SANE": 0,
        "VALID": 0,
        "total": 8986
    },
    "percentage": {
        "ACTIVE": 81.8829290006677,
        "INACTIVE": 18.19400983459991,
        "INVALID": 0,
        "MALICIOUS": 0,
        "SANE": 0,
        "VALID": 0,
        "total": 100.07693883526761
    }
}