{
    "counter": {
        "ACTIVE": 9180,
        "INACTIVE": 1750,
        "INVALID": 0,
        "MALICIOUS": 0,
        "SANE": 0,
        "VALID": 0,
        "total": 10930
    },
    "percentage": {
        "ACTIVE": 83.98902104300092,
        "INACTIVE": 16.133493131741496,
        "INVALID": 0,
        "MALICIOUS": 0,
        "SANE": 0,
        "VALID": 0,
        "total": 100.1225141747424
    }
}