{
    "counter": {
        "ACTIVE": 10761,
        "INACTIVE": 1966,
        "INVALID": 4,
        "MALICIOUS": 0,
        "SANE": 0,
        "VALID": 0,
        "total": 12731
    },
    "percentage": {
        "ACTIVE": 84.55252612555984,
        "INACTIVE": 15.442620375461471,
        "INVALID": 0.03235984143677696,
        "MALICIOUS": 0,
        "SANE": 0,
        "VALID": 0,
        "total": 100.02750634245808
    }
}