{
    "counter": {
        "ACTIVE": 904,
        "INACTIVE": 35,
        "INVALID": 0,
        "MALICIOUS": 0,
        "SANE": 0,
        "VALID": 0,
        "total": 939
    },
    "percentage": {
        "ACTIVE": 96.27263045793397,
        "INACTIVE": 3.875968992248062,
        "INVALID": 0,
        "MALICIOUS": 0,
        "SANE": 0,
        "VALID": 0,
        "total": 100.14859945018203
    }
}