{
    "counter": {
        "ACTIVE": 9494,
        "INACTIVE": 1765,
        "INVALID": 0,
        "MALICIOUS": 0,
        "SANE": 0,
        "VALID": 0,
        "total": 11259
    },
    "percentage": {
        "ACTIVE": 84.32365218935962,
        "INACTIVE": 15.68610024884465,
        "INVALID": 0,
        "MALICIOUS": 0,
        "SANE": 0,
        "VALID": 0,
        "total": 100.00975243820427
    }
}