{
    "counter": {
        "ACTIVE": 9863,
        "INACTIVE": 1778,
        "INVALID": 2,
        "MALICIOUS": 0,
        "SANE": 0,
        "VALID": 0,
        "total": 11643
    },
    "percentage": {
        "ACTIVE": 84.71184402645366,
        "INACTIVE": 15.28016500515641,
        "INVALID": 0.01726817475392851,
        "MALICIOUS": 0,
        "SANE": 0,
        "VALID": 0,
        "total": 100.00927720636399
    }
}