{
    "counter": {
        "ACTIVE": 7352,
        "INACTIVE": 1628,
        "INVALID": 0,
        "MALICIOUS": 0,
        "SANE": 0,
        "VALID": 0,
        "total": 8980
    },
    "percentage": {
        "ACTIVE": 81.87082405345211,
        "INACTIVE": 18.19400983459991,
        "INVALID": 0,
        "MALICIOUS": 0,
        "SANE": 0,
        "VALID": 0,
        "total": 100.06483388805202
    }
}