{
    "counter": {
        "ACTIVE": 8135,
        "INACTIVE": 1723,
        "INVALID": 0,
        "MALICIOUS": 0,
        "SANE": 0,
        "VALID": 0,
        "total": 9858
    },
    "percentage": {
        "ACTIVE": 82.52180969770744,
        "INACTIVE": 17.48173701298701,
        "INVALID": 0,
        "MALICIOUS": 0,
        "SANE": 0,
        "VALID": 0,
        "total": 100.00354671069445
    }
}