{
    "counter": {
        "ACTIVE": 8014,
        "INACTIVE": 1719,
        "INVALID": 0,
        "MALICIOUS": 0,
        "SANE": 0,
        "VALID": 0,
        "total": 9733
    },
    "percentage": {
        "ACTIVE": 82.3384362478167,
        "INACTIVE": 17.738107522443503,
        "INVALID": 0,
        "MALICIOUS": 0,
        "SANE": 0,
        "VALID": 0,
        "total": 100.0765437702602
    }
}