{
    "counter": {
        "ACTIVE": 562,
        "INACTIVE": 17,
        "INVALID": 0,
        "MALICIOUS": 0,
        "SANE": 0,
        "VALID": 0,
        "total": 579
    },
    "percentage": {
        "ACTIVE": 97.06390328151986,
        "INACTIVE": 2.972027972027972,
        "INVALID": 0,
        "MALICIOUS": 0,
        "SANE": 0,
        "VALID": 0,
        "total": 100.03593125354783
    }
}