{
    "counter": {
        "ACTIVE": 8123,
        "INACTIVE": 1722,
        "INVALID": 0,
        "MALICIOUS": 0,
        "SANE": 0,
        "VALID": 0,
        "total": 9845
    },
    "percentage": {
        "ACTIVE": 82.50888776028441,
        "INACTIVE": 17.51958490182114,
        "INVALID": 0,
        "MALICIOUS": 0,
        "SANE": 0,
        "VALID": 0,
        "total": 100.02847266210554
    }
}