{
    "counter": {
        "ACTIVE": 10090,
        "INACTIVE": 1785,
        "INVALID": 2,
        "MALICIOUS": 0,
        "SANE": 0,
        "VALID": 0,
        "total": 11877
    },
    "percentage": {
        "ACTIVE": 84.95411299149617,
        "INACTIVE": 15.041712311451926,
        "INVALID": 0.01726817475392851,
        "MALICIOUS": 0,
        "SANE": 0,
        "VALID": 0,
        "total": 100.01309347770203
    }
}