{
    "counter": {
        "ACTIVE": 9678,
        "INACTIVE": 1771,
        "INVALID": 0,
        "MALICIOUS": 0,
        "SANE": 0,
        "VALID": 0,
        "total": 11449
    },
    "percentage": {
        "ACTIVE": 84.53140012228143,
        "INACTIVE": 15.47265420234143,
        "INVALID": 0,
        "MALICIOUS": 0,
        "SANE": 0,
        "VALID": 0,
        "total": 100.00405432462286
    }
}