{
    "counter": {
        "ACTIVE": 8577,
        "INACTIVE": 1726,
        "INVALID": 0,
        "MALICIOUS": 0,
        "SANE": 0,
        "VALID": 0,
        "total": 10303
    },
    "percentage": {
        "ACTIVE": 83.24759778705231,
        "INACTIVE": 16.84066738218363,
        "INVALID": 0,
        "MALICIOUS": 0,
        "SANE": 0,
        "VALID": 0,
        "total": 100.08826516923594
    }
}