{
    "counter": {
        "ACTIVE": 9681,
        "INACTIVE": 1771,
        "INVALID": 0,
        "MALICIOUS": 0,
        "SANE": 0,
        "VALID": 0,
        "total": 11452
    },
    "percentage": {
        "ACTIVE": 84.53545232273838,
        "INACTIVE": 15.47265420234143,
        "INVALID": 0,
        "MALICIOUS": 0,
        "SANE": 0,
        "VALID": 0,
        "total": 100.00810652507981
    }
}