{
    "counter": {
        "ACTIVE": 8174,
        "INACTIVE": 1723,
        "INVALID": 0,
        "MALICIOUS": 0,
        "SANE": 0,
        "VALID": 0,
        "total": 9897
    },
    "percentage": {
        "ACTIVE": 82.5906840456704,
        "INACTIVE": 17.48173701298701,
        "INVALID": 0,
        "MALICIOUS": 0,
        "SANE": 0,
        "VALID": 0,
        "total": 100.07242105865741
    }
}