{
    "counter": {
        "ACTIVE": 9853,
        "INACTIVE": 1776,
        "INVALID": 2,
        "MALICIOUS": 0,
        "SANE": 0,
        "VALID": 0,
        "total": 11631
    },
    "percentage": {
        "ACTIVE": 84.71326627117188,
        "INACTIVE": 15.303748384317105,
        "INVALID": 0.01726817475392851,
        "MALICIOUS": 0,
        "SANE": 0,
        "VALID": 0,
        "total": 100.0342828302429
    }
}