{
    "counter": {
        "ACTIVE": 9053,
        "INACTIVE": 1748,
        "INVALID": 0,
        "MALICIOUS": 0,
        "SANE": 0,
        "VALID": 0,
        "total": 10801
    },
    "percentage": {
        "ACTIVE": 83.81631330432367,
        "INACTIVE": 16.18968231916273,
        "INVALID": 0,
        "MALICIOUS": 0,
        "SANE": 0,
        "VALID": 0,
        "total": 100.0059956234864
    }
}