{
    "counter": {
        "ACTIVE": 4502,
        "INACTIVE": 834,
        "INVALID": 0,
        "MALICIOUS": 0,
        "SANE": 0,
        "VALID": 0,
        "total": 5336
    },
    "percentage": {
        "ACTIVE": 84.37031484257871,
        "INACTIVE": 15.638477404837802,
        "INVALID": 0,
        "MALICIOUS": 0,
        "SANE": 0,
        "VALID": 0,
        "total": 100.00879224741651
    }
}