{
    "counter": {
        "ACTIVE": 9487,
        "INACTIVE": 1764,
        "INVALID": 0,
        "MALICIOUS": 0,
        "SANE": 0,
        "VALID": 0,
        "total": 11251
    },
    "percentage": {
        "ACTIVE": 84.32139365389743,
        "INACTIVE": 15.68139390168015,
        "INVALID": 0,
        "MALICIOUS": 0,
        "SANE": 0,
        "VALID": 0,
        "total": 100.00278755557758
    }
}