{
    "counter": {
        "ACTIVE": 9300,
        "INACTIVE": 1760,
        "INVALID": 0,
        "MALICIOUS": 0,
        "SANE": 0,
        "VALID": 0,
        "total": 11060
    },
    "percentage": {
        "ACTIVE": 84.08679927667269,
        "INACTIVE": 15.946362236114886,
        "INVALID": 0,
        "MALICIOUS": 0,
        "SANE": 0,
        "VALID": 0,
        "total": 100.03316151278759
    }
}