{
    "counter": {
        "ACTIVE": 9739,
        "INACTIVE": 1773,
        "INVALID": 0,
        "MALICIOUS": 0,
        "SANE": 0,
        "VALID": 0,
        "total": 11512
    },
    "percentage": {
        "ACTIVE": 84.59867963863795,
        "INACTIVE": 15.40533495525241,
        "INVALID": 0,
        "MALICIOUS": 0,
        "SANE": 0,
        "VALID": 0,
        "total": 100.00401459389036
    }
}