{
    "counter": {
        "ACTIVE": 10469,
        "INACTIVE": 1788,
        "INVALID": 2,
        "MALICIOUS": 0,
        "SANE": 0,
        "VALID": 0,
        "total": 12259
    },
    "percentage": {
        "ACTIVE": 85.39848274736929,
        "INACTIVE": 14.957336456416263,
        "INVALID": 0.01726817475392851,
        "MALICIOUS": 0,
        "SANE": 0,
        "VALID": 0,
        "total": 100.37308737853947
    }
}