{
    "counter": {
        "ACTIVE": 8900,
        "INACTIVE": 1746,
        "INVALID": 0,
        "MALICIOUS": 0,
        "SANE": 0,
        "VALID": 0,
        "total": 10646
    },
    "percentage": {
        "ACTIVE": 83.59947398083787,
        "INACTIVE": 16.625404684821937,
        "INVALID": 0,
        "MALICIOUS": 0,
        "SANE": 0,
        "VALID": 0,
        "total": 100.22487866565982
    }
}