{
    "counter": {
        "ACTIVE": 8309,
        "INACTIVE": 1724,
        "INVALID": 0,
        "MALICIOUS": 0,
        "SANE": 0,
        "VALID": 0,
        "total": 10033
    },
    "percentage": {
        "ACTIVE": 82.81670487391608,
        "INACTIVE": 17.22449795184334,
        "INVALID": 0,
        "MALICIOUS": 0,
        "SANE": 0,
        "VALID": 0,
        "total": 100.04120282575943
    }
}