{
    "counter": {
        "ACTIVE": 9445,
        "INACTIVE": 1760,
        "INVALID": 0,
        "MALICIOUS": 0,
        "SANE": 0,
        "VALID": 0,
        "total": 11205
    },
    "percentage": {
        "ACTIVE": 84.29272646140116,
        "INACTIVE": 15.946362236114886,
        "INVALID": 0,
        "MALICIOUS": 0,
        "SANE": 0,
        "VALID": 0,
        "total": 100.23908869751605
    }
}