{
    "counter": {
        "ACTIVE": 8608,
        "INACTIVE": 1726,
        "INVALID": 0,
        "MALICIOUS": 0,
        "SANE": 0,
        "VALID": 0,
        "total": 10334
    },
    "percentage": {
        "ACTIVE": 83.2978517514999,
        "INACTIVE": 16.84066738218363,
        "INVALID": 0,
        "MALICIOUS": 0,
        "SANE": 0,
        "VALID": 0,
        "total": 100.13851913368353
    }
}