{
    "counter": {
        "ACTIVE": 363,
        "INACTIVE": 4,
        "INVALID": 0,
        "MALICIOUS": 0,
        "SANE": 0,
        "VALID": 0,
        "total": 367
    },
    "percentage": {
        "ACTIVE": 98.91008174386921,
        "INACTIVE": 1.4760147601476015,
        "INVALID": 0,
        "MALICIOUS": 0,
        "SANE": 0,
        "VALID": 0,
        "total": 100.38609650401682
    }
}