{
    "counter": {
        "ACTIVE": 7957,
        "INACTIVE": 1718,
        "INVALID": 0,
        "MALICIOUS": 0,
        "SANE": 0,
        "VALID": 0,
        "total": 9675
    },
    "percentage": {
        "ACTIVE": 82.24289405684755,
        "INACTIVE": 17.880932556203163,
        "INVALID": 0,
        "MALICIOUS": 0,
        "SANE": 0,
        "VALID": 0,
        "total": 100.12382661305071
    }
}