{
    "counter": {
        "ACTIVE": 8875,
        "INACTIVE": 1746,
        "INVALID": 0,
        "MALICIOUS": 0,
        "SANE": 0,
        "VALID": 0,
        "total": 10621
    },
    "percentage": {
        "ACTIVE": 83.56086997457867,
        "INACTIVE": 16.625404684821937,
        "INVALID": 0,
        "MALICIOUS": 0,
        "SANE": 0,
        "VALID": 0,
        "total": 100.1862746594006
    }
}