{
    "counter": {
        "ACTIVE": 10795,
        "INACTIVE": 2050,
        "INVALID": 4,
        "MALICIOUS": 0,
        "SANE": 0,
        "VALID": 0,
        "total": 12849
    },
    "percentage": {
        "ACTIVE": 84.0143201805588,
        "INACTIVE": 15.957032770296568,
        "INVALID": 0.03235984143677696,
        "MALICIOUS": 0,
        "SANE": 0,
        "VALID": 0,
        "total": 100.00371279229213
    }
}