{
    "counter": {
        "ACTIVE": 10084,
        "INACTIVE": 1785,
        "INVALID": 2,
        "MALICIOUS": 0,
        "SANE": 0,
        "VALID": 0,
        "total": 11871
    },
    "percentage": {
        "ACTIVE": 84.9465082975318,
        "INACTIVE": 15.041712311451926,
        "INVALID": 0.01726817475392851,
        "MALICIOUS": 0,
        "SANE": 0,
        "VALID": 0,
        "total": 100.00548878373766
    }
}