{
    "counter": {
        "ACTIVE": 8023,
        "INACTIVE": 1719,
        "INVALID": 0,
        "MALICIOUS": 0,
        "SANE": 0,
        "VALID": 0,
        "total": 9742
    },
    "percentage": {
        "ACTIVE": 82.35475261753234,
        "INACTIVE": 17.738107522443503,
        "INVALID": 0,
        "MALICIOUS": 0,
        "SANE": 0,
        "VALID": 0,
        "total": 100.09286013997584
    }
}