{
    "counter": {
        "ACTIVE": 10184,
        "INACTIVE": 1788,
        "INVALID": 2,
        "MALICIOUS": 0,
        "SANE": 0,
        "VALID": 0,
        "total": 11974
    },
    "percentage": {
        "ACTIVE": 85.05094371137464,
        "INACTIVE": 14.957336456416263,
        "INVALID": 0.01726817475392851,
        "MALICIOUS": 0,
        "SANE": 0,
        "VALID": 0,
        "total": 100.02554834254482
    }
}