{
    "counter": {
        "ACTIVE": 8064,
        "INACTIVE": 1719,
        "INVALID": 0,
        "MALICIOUS": 0,
        "SANE": 0,
        "VALID": 0,
        "total": 9783
    },
    "percentage": {
        "ACTIVE": 82.42870285188593,
        "INACTIVE": 17.738107522443503,
        "INVALID": 0,
        "MALICIOUS": 0,
        "SANE": 0,
        "VALID": 0,
        "total": 100.16681037432943
    }
}