{
    "counter": {
        "ACTIVE": 8601,
        "INACTIVE": 1726,
        "INVALID": 0,
        "MALICIOUS": 0,
        "SANE": 0,
        "VALID": 0,
        "total": 10327
    },
    "percentage": {
        "ACTIVE": 83.28653045414931,
        "INACTIVE": 16.84066738218363,
        "INVALID": 0,
        "MALICIOUS": 0,
        "SANE": 0,
        "VALID": 0,
        "total": 100.12719783633294
    }
}