{
    "counter": {
        "ACTIVE": 8128,
        "INACTIVE": 1722,
        "INVALID": 0,
        "MALICIOUS": 0,
        "SANE": 0,
        "VALID": 0,
        "total": 9850
    },
    "percentage": {
        "ACTIVE": 82.51776649746193,
        "INACTIVE": 17.51958490182114,
        "INVALID": 0,
        "MALICIOUS": 0,
        "SANE": 0,
        "VALID": 0,
        "total": 100.03735139928307
    }
}