{
    "counter": {
        "ACTIVE": 8381,
        "INACTIVE": 1724,
        "INVALID": 0,
        "MALICIOUS": 0,
        "SANE": 0,
        "VALID": 0,
        "total": 10105
    },
    "percentage": {
        "ACTIVE": 82.93913904007917,
        "INACTIVE": 17.22449795184334,
        "INVALID": 0,
        "MALICIOUS": 0,
        "SANE": 0,
        "VALID": 0,
        "total": 100.16363699192252
    }
}