{
    "counter": {
        "ACTIVE": 10788,
        "INACTIVE": 2041,
        "INVALID": 4,
        "MALICIOUS": 0,
        "SANE": 0,
        "VALID": 0,
        "total": 12833
    },
    "percentage": {
        "ACTIVE": 84.06452115639367,
        "INACTIVE": 15.93162126297713,
        "INVALID": 0.03235984143677696,
        "MALICIOUS": 0,
        "SANE": 0,
        "VALID": 0,
        "total": 100.02850226080757
    }
}