{
    "counter": {
        "ACTIVE": 7359,
        "INACTIVE": 1628,
        "INVALID": 0,
        "MALICIOUS": 0,
        "SANE": 0,
        "VALID": 0,
        "total": 8987
    },
    "percentage": {
        "ACTIVE": 81.88494492044063,
        "INACTIVE": 18.19400983459991,
        "INVALID": 0,
        "MALICIOUS": 0,
        "SANE": 0,
        "VALID": 0,
        "total": 100.07895475504054
    }
}