{
    "counter": {
        "ACTIVE": 9295,
        "INACTIVE": 1760,
        "INVALID": 0,
        "MALICIOUS": 0,
        "SANE": 0,
        "VALID": 0,
        "total": 11055
    },
    "percentage": {
        "ACTIVE": 84.07960199004975,
        "INACTIVE": 15.946362236114886,
        "INVALID": 0,
        "MALICIOUS": 0,
        "SANE": 0,
        "VALID": 0,
        "total": 100.02596422616463
    }
}