{
    "counter": {
        "ACTIVE": 9545,
        "INACTIVE": 1767,
        "INVALID": 0,
        "MALICIOUS": 0,
        "SANE": 0,
        "VALID": 0,
        "total": 11312
    },
    "percentage": {
        "ACTIVE": 84.37942008486563,
        "INACTIVE": 15.684360021303036,
        "INVALID": 0,
        "MALICIOUS": 0,
        "SANE": 0,
        "VALID": 0,
        "total": 100.06378010616866
    }
}