{
    "counter": {
        "ACTIVE": 11154,
        "INACTIVE": 2081,
        "INVALID": 4,
        "MALICIOUS": 0,
        "SANE": 0,
        "VALID": 0,
        "total": 13239
    },
    "percentage": {
        "ACTIVE": 84.25107636528439,
        "INACTIVE": 15.718709872346855,
        "INVALID": 0.03021376236875897,
        "MALICIOUS": 0.0,
        "SANE": 0.0,
        "VALID": 0.0,
        "total": 100.0
    }
}