{
    "counter": {
        "ACTIVE": 8047,
        "INACTIVE": 1719,
        "INVALID": 0,
        "MALICIOUS": 0,
        "SANE": 0,
        "VALID": 0,
        "total": 9766
    },
    "percentage": {
        "ACTIVE": 82.39811591234897,
        "INACTIVE": 17.738107522443503,
        "INVALID": 0,
        "MALICIOUS": 0,
        "SANE": 0,
        "VALID": 0,
        "total": 100.13622343479247
    }
}