{
    "counter": {
        "ACTIVE": 9491,
        "INACTIVE": 1765,
        "INVALID": 0,
        "MALICIOUS": 0,
        "SANE": 0,
        "VALID": 0,
        "total": 11256
    },
    "percentage": {
        "ACTIVE": 84.31947405828002,
        "INACTIVE": 15.68610024884465,
        "INVALID": 0,
        "MALICIOUS": 0,
        "SANE": 0,
        "VALID": 0,
        "total": 100.00557430712468
    }
}