{
    "counter": {
        "ACTIVE": 8400,
        "INACTIVE": 1724,
        "INVALID": 0,
        "MALICIOUS": 0,
        "SANE": 0,
        "VALID": 0,
        "total": 10124
    },
    "percentage": {
        "ACTIVE": 82.97115764519953,
        "INACTIVE": 17.22449795184334,
        "INVALID": 0,
        "MALICIOUS": 0,
        "SANE": 0,
        "VALID": 0,
        "total": 100.19565559704287
    }
}