{
    "counter": {
        "ACTIVE": 8173,
        "INACTIVE": 1723,
        "INVALID": 0,
        "MALICIOUS": 0,
        "SANE": 0,
        "VALID": 0,
        "total": 9896
    },
    "percentage": {
        "ACTIVE": 82.58892481810832,
        "INACTIVE": 17.48173701298701,
        "INVALID": 0,
        "MALICIOUS": 0,
        "SANE": 0,
        "VALID": 0,
        "total": 100.07066183109534
    }
}