{
    "counter": {
        "ACTIVE": 8444,
        "INACTIVE": 1724,
        "INVALID": 0,
        "MALICIOUS": 0,
        "SANE": 0,
        "VALID": 0,
        "total": 10168
    },
    "percentage": {
        "ACTIVE": 83.04484657749803,
        "INACTIVE": 17.22449795184334,
        "INVALID": 0,
        "MALICIOUS": 0,
        "SANE": 0,
        "VALID": 0,
        "total": 100.26934452934137
    }
}