{
    "counter": {
        "ACTIVE": 9509,
        "INACTIVE": 1767,
        "INVALID": 0,
        "MALICIOUS": 0,
        "SANE": 0,
        "VALID": 0,
        "total": 11276
    },
    "percentage": {
        "ACTIVE": 84.32954948563321,
        "INACTIVE": 15.684360021303036,
        "INVALID": 0,
        "MALICIOUS": 0,
        "SANE": 0,
        "VALID": 0,
        "total": 100.01390950693624
    }
}