{
    "counter": {
        "ACTIVE": 4676,
        "INACTIVE": 843,
        "INVALID": 0,
        "MALICIOUS": 0,
        "SANE": 0,
        "VALID": 0,
        "total": 5519
    },
    "percentage": {
        "ACTIVE": 84.72549374886755,
        "INACTIVE": 15.341219290263876,
        "INVALID": 0,
        "MALICIOUS": 0,
        "SANE": 0,
        "VALID": 0,
        "total": 100.06671303913143
    }
}