{
    "counter": {
        "ACTIVE": 11393,
        "INACTIVE": 2114,
        "INVALID": 4,
        "MALICIOUS": 0,
        "SANE": 0,
        "VALID": 0,
        "total": 13511
    },
    "percentage": {
        "ACTIVE": 84.3238842424691,
        "INACTIVE": 15.646510250906669,
        "INVALID": 0.029605506624232107,
        "MALICIOUS": 0.0,
        "SANE": 0.0,
        "VALID": 0.0,
        "total": 100.00000000000001
    }
}