{
    "counter": {
        "ACTIVE": 9364,
        "INACTIVE": 1760,
        "INVALID": 0,
        "MALICIOUS": 0,
        "SANE": 0,
        "VALID": 0,
        "total": 11124
    },
    "percentage": {
        "ACTIVE": 84.17835311039194,
        "INACTIVE": 15.946362236114886,
        "INVALID": 0,
        "MALICIOUS": 0,
        "SANE": 0,
        "VALID": 0,
        "total": 100.12471534650683
    }
}