{
    "counter": {
        "ACTIVE": 8170,
        "INACTIVE": 1723,
        "INVALID": 0,
        "MALICIOUS": 0,
        "SANE": 0,
        "VALID": 0,
        "total": 9893
    },
    "percentage": {
        "ACTIVE": 82.58364500151622,
        "INACTIVE": 17.48173701298701,
        "INVALID": 0,
        "MALICIOUS": 0,
        "SANE": 0,
        "VALID": 0,
        "total": 100.06538201450323
    }
}