{
    "counter": {
        "ACTIVE": 8446,
        "INACTIVE": 1724,
        "INVALID": 0,
        "MALICIOUS": 0,
        "SANE": 0,
        "VALID": 0,
        "total": 10170
    },
    "percentage": {
        "ACTIVE": 83.04818092428712,
        "INACTIVE": 17.22449795184334,
        "INVALID": 0,
        "MALICIOUS": 0,
        "SANE": 0,
        "VALID": 0,
        "total": 100.27267887613047
    }
}