{
    "counter": {
        "ACTIVE": 9367,
        "INACTIVE": 1760,
        "INVALID": 0,
        "MALICIOUS": 0,
        "SANE": 0,
        "VALID": 0,
        "total": 11127
    },
    "percentage": {
        "ACTIVE": 84.18261885503729,
        "INACTIVE": 15.946362236114886,
        "INVALID": 0,
        "MALICIOUS": 0,
        "SANE": 0,
        "VALID": 0,
        "total": 100.12898109115218
    }
}