{
    "counter": {
        "ACTIVE": 10752,
        "INACTIVE": 1962,
        "INVALID": 4,
        "MALICIOUS": 0,
        "SANE": 0,
        "VALID": 0,
        "total": 12718
    },
    "percentage": {
        "ACTIVE": 84.54159459034439,
        "INACTIVE": 15.429380308273041,
        "INVALID": 0.03235984143677696,
        "MALICIOUS": 0,
        "SANE": 0,
        "VALID": 0,
        "total": 100.0033347400542
    }
}