{
    "counter": {
        "ACTIVE": 8690,
        "INACTIVE": 1726,
        "INVALID": 0,
        "MALICIOUS": 0,
        "SANE": 0,
        "VALID": 0,
        "total": 10416
    },
    "percentage": {
        "ACTIVE": 83.42933947772657,
        "INACTIVE": 16.84066738218363,
        "INVALID": 0,
        "MALICIOUS": 0,
        "SANE": 0,
        "VALID": 0,
        "total": 100.2700068599102
    }
}