{
    "counter": {
        "ACTIVE": 9994,
        "INACTIVE": 1780,
        "INVALID": 2,
        "MALICIOUS": 0,
        "SANE": 0,
        "VALID": 0,
        "total": 11776
    },
    "percentage": {
        "ACTIVE": 84.86752717391305,
        "INACTIVE": 15.136054421768707,
        "INVALID": 0.01726817475392851,
        "MALICIOUS": 0,
        "SANE": 0,
        "VALID": 0,
        "total": 100.02084977043567
    }
}