{
    "counter": {
        "ACTIVE": 2843,
        "INACTIVE": 748,
        "INVALID": 0,
        "MALICIOUS": 0,
        "SANE": 0,
        "VALID": 0,
        "total": 3591
    },
    "percentage": {
        "ACTIVE": 79.17014759120022,
        "INACTIVE": 20.928931169557917,
        "INVALID": 0,
        "MALICIOUS": 0,
        "SANE": 0,
        "VALID": 0,
        "total": 100.09907876075813
    }
}