{
    "counter": {
        "ACTIVE": 11354,
        "INACTIVE": 2110,
        "INVALID": 4,
        "MALICIOUS": 0,
        "SANE": 0,
        "VALID": 0,
        "total": 13468
    },
    "percentage": {
        "ACTIVE": 84.3035343035343,
        "INACTIVE": 15.666765666765667,
        "INVALID": 0.0297000297000297,
        "MALICIOUS": 0.0,
        "SANE": 0.0,
        "VALID": 0.0,
        "total": 100.0
    }
}