{
    "counter": {
        "ACTIVE": 10537,
        "INACTIVE": 1795,
        "INVALID": 2,
        "MALICIOUS": 0,
        "SANE": 0,
        "VALID": 0,
        "total": 12334
    },
    "percentage": {
        "ACTIVE": 85.47902977204511,
        "INACTIVE": 14.55326739095184,
        "INVALID": 0.01726817475392851,
        "MALICIOUS": 0,
        "SANE": 0,
        "VALID": 0,
        "total": 100.04956533775088
    }
}