{
    "counter": {
        "ACTIVE": 9748,
        "INACTIVE": 1773,
        "INVALID": 0,
        "MALICIOUS": 0,
        "SANE": 0,
        "VALID": 0,
        "total": 11521
    },
    "percentage": {
        "ACTIVE": 84.61071087579204,
        "INACTIVE": 15.40533495525241,
        "INVALID": 0,
        "MALICIOUS": 0,
        "SANE": 0,
        "VALID": 0,
        "total": 100.01604583104445
    }
}