{
    "counter": {
        "ACTIVE": 9003,
        "INACTIVE": 1747,
        "INVALID": 0,
        "MALICIOUS": 0,
        "SANE": 0,
        "VALID": 0,
        "total": 10750
    },
    "percentage": {
        "ACTIVE": 83.74883720930232,
        "INACTIVE": 16.267808920756124,
        "INVALID": 0,
        "MALICIOUS": 0,
        "SANE": 0,
        "VALID": 0,
        "total": 100.01664613005845
    }
}