{
    "counter": {
        "ACTIVE": 10761,
        "INACTIVE": 1962,
        "INVALID": 4,
        "MALICIOUS": 0,
        "SANE": 0,
        "VALID": 0,
        "total": 12727
    },
    "percentage": {
        "ACTIVE": 84.55252612555984,
        "INACTIVE": 15.429380308273041,
        "INVALID": 0.03235984143677696,
        "MALICIOUS": 0,
        "SANE": 0,
        "VALID": 0,
        "total": 100.01426627526965
    }
}