{
    "counter": {
        "ACTIVE": 11065,
        "INACTIVE": 2078,
        "INVALID": 4,
        "MALICIOUS": 0,
        "SANE": 0,
        "VALID": 0,
        "total": 13147
    },
    "percentage": {
        "ACTIVE": 84.16368753327755,
        "INACTIVE": 15.839621922402623,
        "INVALID": 0.03235984143677696,
        "MALICIOUS": 0,
        "SANE": 0,
        "VALID": 0,
        "total": 100.03566929711695
    }
}