{
    "counter": {
        "ACTIVE": 8993,
        "INACTIVE": 1747,
        "INVALID": 0,
        "MALICIOUS": 0,
        "SANE": 0,
        "VALID": 0,
        "total": 10740
    },
    "percentage": {
        "ACTIVE": 83.73370577281192,
        "INACTIVE": 16.267808920756124,
        "INVALID": 0,
        "MALICIOUS": 0,
        "SANE": 0,
        "VALID": 0,
        "total": 100.00151469356804
    }
}