{
    "counter": {
        "ACTIVE": 8469,
        "INACTIVE": 1724,
        "INVALID": 0,
        "MALICIOUS": 0,
        "SANE": 0,
        "VALID": 0,
        "total": 10193
    },
    "percentage": {
        "ACTIVE": 83.0864318650054,
        "INACTIVE": 17.22449795184334,
        "INVALID": 0,
        "MALICIOUS": 0,
        "SANE": 0,
        "VALID": 0,
        "total": 100.31092981684873
    }
}