{
    "counter": {
        "ACTIVE": 9691,
        "INACTIVE": 1771,
        "INVALID": 0,
        "MALICIOUS": 0,
        "SANE": 0,
        "VALID": 0,
        "total": 11462
    },
    "percentage": {
        "ACTIVE": 84.5489443378119,
        "INACTIVE": 15.47265420234143,
        "INVALID": 0,
        "MALICIOUS": 0,
        "SANE": 0,
        "VALID": 0,
        "total": 100.02159854015333
    }
}