{
    "counter": {
        "ACTIVE": 8163,
        "INACTIVE": 1723,
        "INVALID": 0,
        "MALICIOUS": 0,
        "SANE": 0,
        "VALID": 0,
        "total": 9886
    },
    "percentage": {
        "ACTIVE": 82.5713129678333,
        "INACTIVE": 17.48173701298701,
        "INVALID": 0,
        "MALICIOUS": 0,
        "SANE": 0,
        "VALID": 0,
        "total": 100.0530499808203
    }
}