{
    "counter": {
        "ACTIVE": 7712,
        "INACTIVE": 1700,
        "INVALID": 0,
        "MALICIOUS": 0,
        "SANE": 0,
        "VALID": 0,
        "total": 9412
    },
    "percentage": {
        "ACTIVE": 81.93795155121121,
        "INACTIVE": 18.06396769737541,
        "INVALID": 0,
        "MALICIOUS": 0,
        "SANE": 0,
        "VALID": 0,
        "total": 100.00191924858663
    }
}