{
    "counter": {
        "ACTIVE": 8533,
        "INACTIVE": 1726,
        "INVALID": 0,
        "MALICIOUS": 0,
        "SANE": 0,
        "VALID": 0,
        "total": 10259
    },
    "percentage": {
        "ACTIVE": 83.1757481235988,
        "INACTIVE": 16.84066738218363,
        "INVALID": 0,
        "MALICIOUS": 0,
        "SANE": 0,
        "VALID": 0,
        "total": 100.01641550578242
    }
}