{
    "counter": {
        "ACTIVE": 7562,
        "INACTIVE": 1660,
        "INVALID": 0,
        "MALICIOUS": 0,
        "SANE": 0,
        "VALID": 0,
        "total": 9222
    },
    "percentage": {
        "ACTIVE": 81.99956625460854,
        "INACTIVE": 18.01801801801802,
        "INVALID": 0,
        "MALICIOUS": 0,
        "SANE": 0,
        "VALID": 0,
        "total": 100.01758427262655
    }
}