{
    "counter": {
        "ACTIVE": 8460,
        "INACTIVE": 1724,
        "INVALID": 0,
        "MALICIOUS": 0,
        "SANE": 0,
        "VALID": 0,
        "total": 10184
    },
    "percentage": {
        "ACTIVE": 83.07148468185389,
        "INACTIVE": 17.22449795184334,
        "INVALID": 0,
        "MALICIOUS": 0,
        "SANE": 0,
        "VALID": 0,
        "total": 100.29598263369724
    }
}