{
    "counter": {
        "ACTIVE": 11100,
        "INACTIVE": 2079,
        "INVALID": 4,
        "MALICIOUS": 0,
        "SANE": 0,
        "VALID": 0,
        "total": 13183
    },
    "percentage": {
        "ACTIVE": 84.19934764469393,
        "INACTIVE": 15.811088295687885,
        "INVALID": 0.03235984143677696,
        "MALICIOUS": 0,
        "SANE": 0,
        "VALID": 0,
        "total": 100.04279578181858
    }
}