{
    "counter": {
        "ACTIVE": 10798,
        "INACTIVE": 2050,
        "INVALID": 4,
        "MALICIOUS": 0,
        "SANE": 0,
        "VALID": 0,
        "total": 12852
    },
    "percentage": {
        "ACTIVE": 84.01805166511049,
        "INACTIVE": 15.957032770296568,
        "INVALID": 0.03235984143677696,
        "MALICIOUS": 0,
        "SANE": 0,
        "VALID": 0,
        "total": 100.00744427684383
    }
}