{
    "counter": {
        "ACTIVE": 9153,
        "INACTIVE": 1750,
        "INVALID": 0,
        "MALICIOUS": 0,
        "SANE": 0,
        "VALID": 0,
        "total": 10903
    },
    "percentage": {
        "ACTIVE": 83.94937173255067,
        "INACTIVE": 16.133493131741496,
        "INVALID": 0,
        "MALICIOUS": 0,
        "SANE": 0,
        "VALID": 0,
        "total": 100.08286486429216
    }
}