{
    "counter": {
        "ACTIVE": 10800,
        "INACTIVE": 2051,
        "INVALID": 4,
        "MALICIOUS": 0,
        "SANE": 0,
        "VALID": 0,
        "total": 12855
    },
    "percentage": {
        "ACTIVE": 84.01400233372229,
        "INACTIVE": 15.957364039523847,
        "INVALID": 0.03235984143677696,
        "MALICIOUS": 0,
        "SANE": 0,
        "VALID": 0,
        "total": 100.00372621468291
    }
}