{
    "counter": {
        "ACTIVE": 765,
        "INACTIVE": 25,
        "INVALID": 0,
        "MALICIOUS": 0,
        "SANE": 0,
        "VALID": 0,
        "total": 790
    },
    "percentage": {
        "ACTIVE": 96.83544303797468,
        "INACTIVE": 3.2938076416337285,
        "INVALID": 0,
        "MALICIOUS": 0,
        "SANE": 0,
        "VALID": 0,
        "total": 100.12925067960842
    }
}