{
    "counter": {
        "ACTIVE": 8909,
        "INACTIVE": 1746,
        "INVALID": 0,
        "MALICIOUS": 0,
        "SANE": 0,
        "VALID": 0,
        "total": 10655
    },
    "percentage": {
        "ACTIVE": 83.61332707648991,
        "INACTIVE": 16.625404684821937,
        "INVALID": 0,
        "MALICIOUS": 0,
        "SANE": 0,
        "VALID": 0,
        "total": 100.23873176131184
    }
}