{
    "counter": {
        "ACTIVE": 11233,
        "INACTIVE": 2092,
        "INVALID": 4,
        "MALICIOUS": 0,
        "SANE": 0,
        "VALID": 0,
        "total": 13329
    },
    "percentage": {
        "ACTIVE": 84.27488933903518,
        "INACTIVE": 15.695100907795034,
        "INVALID": 0.03000975316978018,
        "MALICIOUS": 0.0,
        "SANE": 0.0,
        "VALID": 0.0,
        "total": 100.0
    }
}