{
    "counter": {
        "ACTIVE": 11360,
        "INACTIVE": 2110,
        "INVALID": 4,
        "MALICIOUS": 0,
        "SANE": 0,
        "VALID": 0,
        "total": 13474
    },
    "percentage": {
        "ACTIVE": 84.3105239720944,
        "INACTIVE": 15.659789223690069,
        "INVALID": 0.029686804215526198,
        "MALICIOUS": 0.0,
        "SANE": 0.0,
        "VALID": 0.0,
        "total": 100.0
    }
}