{
    "counter": {
        "ACTIVE": 9861,
        "INACTIVE": 1778,
        "INVALID": 2,
        "MALICIOUS": 0,
        "SANE": 0,
        "VALID": 0,
        "total": 11641
    },
    "percentage": {
        "ACTIVE": 84.70921742118375,
        "INACTIVE": 15.28016500515641,
        "INVALID": 0.01726817475392851,
        "MALICIOUS": 0,
        "SANE": 0,
        "VALID": 0,
        "total": 100.00665060109408
    }
}