{
    "counter": {
        "ACTIVE": 9481,
        "INACTIVE": 1760,
        "INVALID": 0,
        "MALICIOUS": 0,
        "SANE": 0,
        "VALID": 0,
        "total": 11241
    },
    "percentage": {
        "ACTIVE": 84.34302997953918,
        "INACTIVE": 15.946362236114886,
        "INVALID": 0,
        "MALICIOUS": 0,
        "SANE": 0,
        "VALID": 0,
        "total": 100.28939221565406
    }
}