{
    "counter": {
        "ACTIVE": 9488,
        "INACTIVE": 1765,
        "INVALID": 0,
        "MALICIOUS": 0,
        "SANE": 0,
        "VALID": 0,
        "total": 11253
    },
    "percentage": {
        "ACTIVE": 84.31529369945792,
        "INACTIVE": 15.68610024884465,
        "INVALID": 0,
        "MALICIOUS": 0,
        "SANE": 0,
        "VALID": 0,
        "total": 100.00139394830258
    }
}