{
    "counter": {
        "ACTIVE": 9053,
        "INACTIVE": 1749,
        "INVALID": 0,
        "MALICIOUS": 0,
        "SANE": 0,
        "VALID": 0,
        "total": 10802
    },
    "percentage": {
        "ACTIVE": 83.81631330432367,
        "INACTIVE": 16.191446028513237,
        "INVALID": 0,
        "MALICIOUS": 0,
        "SANE": 0,
        "VALID": 0,
        "total": 100.00775933283691
    }
}