{
    "counter": {
        "ACTIVE": 11039,
        "INACTIVE": 2078,
        "INVALID": 4,
        "MALICIOUS": 0,
        "SANE": 0,
        "VALID": 0,
        "total": 13121
    },
    "percentage": {
        "ACTIVE": 84.13230698879659,
        "INACTIVE": 15.839621922402623,
        "INVALID": 0.03235984143677696,
        "MALICIOUS": 0,
        "SANE": 0,
        "VALID": 0,
        "total": 100.00428875263599
    }
}