{
    "counter": {
        "ACTIVE": 9529,
        "INACTIVE": 1767,
        "INVALID": 0,
        "MALICIOUS": 0,
        "SANE": 0,
        "VALID": 0,
        "total": 11296
    },
    "percentage": {
        "ACTIVE": 84.35729461756374,
        "INACTIVE": 15.684360021303036,
        "INVALID": 0,
        "MALICIOUS": 0,
        "SANE": 0,
        "VALID": 0,
        "total": 100.04165463886677
    }
}