{
    "counter": {
        "ACTIVE": 6080,
        "INACTIVE": 1069,
        "INVALID": 0,
        "MALICIOUS": 0,
        "SANE": 0,
        "VALID": 0,
        "total": 7149
    },
    "percentage": {
        "ACTIVE": 85.08256367198433,
        "INACTIVE": 14.953140299342566,
        "INVALID": 0,
        "MALICIOUS": 0,
        "SANE": 0,
        "VALID": 0,
        "total": 100.0357039713269
    }
}