{
    "counter": {
        "ACTIVE": 9848,
        "INACTIVE": 1776,
        "INVALID": 2,
        "MALICIOUS": 0,
        "SANE": 0,
        "VALID": 0,
        "total": 11626
    },
    "percentage": {
        "ACTIVE": 84.70669189747119,
        "INACTIVE": 15.303748384317105,
        "INVALID": 0.01726817475392851,
        "MALICIOUS": 0,
        "SANE": 0,
        "VALID": 0,
        "total": 100.02770845654221
    }
}