{
    "counter": {
        "ACTIVE": 8651,
        "INACTIVE": 1726,
        "INVALID": 0,
        "MALICIOUS": 0,
        "SANE": 0,
        "VALID": 0,
        "total": 10377
    },
    "percentage": {
        "ACTIVE": 83.36706177122483,
        "INACTIVE": 16.84066738218363,
        "INVALID": 0,
        "MALICIOUS": 0,
        "SANE": 0,
        "VALID": 0,
        "total": 100.20772915340845
    }
}