{
    "counter": {
        "ACTIVE": 9753,
        "INACTIVE": 1773,
        "INVALID": 0,
        "MALICIOUS": 0,
        "SANE": 0,
        "VALID": 0,
        "total": 11526
    },
    "percentage": {
        "ACTIVE": 84.61738677771994,
        "INACTIVE": 15.40533495525241,
        "INVALID": 0,
        "MALICIOUS": 0,
        "SANE": 0,
        "VALID": 0,
        "total": 100.02272173297236
    }
}