{
    "counter": {
        "ACTIVE": 9693,
        "INACTIVE": 1771,
        "INVALID": 0,
        "MALICIOUS": 0,
        "SANE": 0,
        "VALID": 0,
        "total": 11464
    },
    "percentage": {
        "ACTIVE": 84.55163991625959,
        "INACTIVE": 15.47265420234143,
        "INVALID": 0,
        "MALICIOUS": 0,
        "SANE": 0,
        "VALID": 0,
        "total": 100.02429411860102
    }
}