{
    "counter": {
        "ACTIVE": 9695,
        "INACTIVE": 1772,
        "INVALID": 0,
        "MALICIOUS": 0,
        "SANE": 0,
        "VALID": 0,
        "total": 11467
    },
    "percentage": {
        "ACTIVE": 84.55433455433456,
        "INACTIVE": 15.453039155838493,
        "INVALID": 0,
        "MALICIOUS": 0,
        "SANE": 0,
        "VALID": 0,
        "total": 100.00737371017306
    }
}