{
    "counter": {
        "ACTIVE": 3600,
        "INACTIVE": 784,
        "INVALID": 0,
        "MALICIOUS": 0,
        "SANE": 0,
        "VALID": 0,
        "total": 4384
    },
    "percentage": {
        "ACTIVE": 82.11678832116789,
        "INACTIVE": 17.907720420283233,
        "INVALID": 0,
        "MALICIOUS": 0,
        "SANE": 0,
        "VALID": 0,
        "total": 100.02450874145111
    }
}