{
    "counter": {
        "ACTIVE": 11214,
        "INACTIVE": 2090,
        "INVALID": 4,
        "MALICIOUS": 0,
        "SANE": 0,
        "VALID": 0,
        "total": 13308
    },
    "percentage": {
        "ACTIVE": 84.26510369702434,
        "INACTIVE": 15.704839194469493,
        "INVALID": 0.03005710850616171,
        "MALICIOUS": 0.0,
        "SANE": 0.0,
        "VALID": 0.0,
        "total": 100.0
    }
}