{
    "counter": {
        "ACTIVE": 9633,
        "INACTIVE": 1768,
        "INVALID": 0,
        "MALICIOUS": 0,
        "SANE": 0,
        "VALID": 0,
        "total": 11401
    },
    "percentage": {
        "ACTIVE": 84.49258836944128,
        "INACTIVE": 15.5702333773668,
        "INVALID": 0,
        "MALICIOUS": 0,
        "SANE": 0,
        "VALID": 0,
        "total": 100.06282174680808
    }
}