{
    "counter": {
        "ACTIVE": 9386,
        "INACTIVE": 1760,
        "INVALID": 0,
        "MALICIOUS": 0,
        "SANE": 0,
        "VALID": 0,
        "total": 11146
    },
    "percentage": {
        "ACTIVE": 84.20958191279382,
        "INACTIVE": 15.946362236114886,
        "INVALID": 0,
        "MALICIOUS": 0,
        "SANE": 0,
        "VALID": 0,
        "total": 100.1559441489087
    }
}