{
    "counter": {
        "ACTIVE": 9547,
        "INACTIVE": 1767,
        "INVALID": 0,
        "MALICIOUS": 0,
        "SANE": 0,
        "VALID": 0,
        "total": 11314
    },
    "percentage": {
        "ACTIVE": 84.38218136821637,
        "INACTIVE": 15.684360021303036,
        "INVALID": 0,
        "MALICIOUS": 0,
        "SANE": 0,
        "VALID": 0,
        "total": 100.0665413895194
    }
}