{
    "counter": {
        "ACTIVE": 8607,
        "INACTIVE": 1726,
        "INVALID": 0,
        "MALICIOUS": 0,
        "SANE": 0,
        "VALID": 0,
        "total": 10333
    },
    "percentage": {
        "ACTIVE": 83.29623536243105,
        "INACTIVE": 16.84066738218363,
        "INVALID": 0,
        "MALICIOUS": 0,
        "SANE": 0,
        "VALID": 0,
        "total": 100.13690274461467
    }
}