{
    "counter": {
        "ACTIVE": 9146,
        "INACTIVE": 1750,
        "INVALID": 0,
        "MALICIOUS": 0,
        "SANE": 0,
        "VALID": 0,
        "total": 10896
    },
    "percentage": {
        "ACTIVE": 83.93906020558003,
        "INACTIVE": 16.133493131741496,
        "INVALID": 0,
        "MALICIOUS": 0,
        "SANE": 0,
        "VALID": 0,
        "total": 100.07255333732152
    }
}