{
    "counter": {
        "ACTIVE": 8445,
        "INACTIVE": 1724,
        "INVALID": 0,
        "MALICIOUS": 0,
        "SANE": 0,
        "VALID": 0,
        "total": 10169
    },
    "percentage": {
        "ACTIVE": 83.04651391483922,
        "INACTIVE": 17.22449795184334,
        "INVALID": 0,
        "MALICIOUS": 0,
        "SANE": 0,
        "VALID": 0,
        "total": 100.27101186668256
    }
}