{
    "counter": {
        "ACTIVE": 9332,
        "INACTIVE": 1760,
        "INVALID": 0,
        "MALICIOUS": 0,
        "SANE": 0,
        "VALID": 0,
        "total": 11092
    },
    "percentage": {
        "ACTIVE": 84.1327082582041,
        "INACTIVE": 15.946362236114886,
        "INVALID": 0,
        "MALICIOUS": 0,
        "SANE": 0,
        "VALID": 0,
        "total": 100.07907049431898
    }
}