{
    "counter": {
        "ACTIVE": 11261,
        "INACTIVE": 2092,
        "INVALID": 4,
        "MALICIOUS": 0,
        "SANE": 0,
        "VALID": 0,
        "total": 13357
    },
    "percentage": {
        "ACTIVE": 84.30785355993112,
        "INACTIVE": 15.6621995957176,
        "INVALID": 0.029946844351276484,
        "MALICIOUS": 0.0,
        "SANE": 0.0,
        "VALID": 0.0,
        "total": 99.99999999999999
    }
}