{
    "counter": {
        "ACTIVE": 9167,
        "INACTIVE": 1750,
        "INVALID": 0,
        "MALICIOUS": 0,
        "SANE": 0,
        "VALID": 0,
        "total": 10917
    },
    "percentage": {
        "ACTIVE": 83.96995511587433,
        "INACTIVE": 16.133493131741496,
        "INVALID": 0,
        "MALICIOUS": 0,
        "SANE": 0,
        "VALID": 0,
        "total": 100.10344824761583
    }
}