{
    "counter": {
        "ACTIVE": 2841,
        "INACTIVE": 748,
        "INVALID": 0,
        "MALICIOUS": 0,
        "SANE": 0,
        "VALID": 0,
        "total": 3589
    },
    "percentage": {
        "ACTIVE": 79.15853998328225,
        "INACTIVE": 20.928931169557917,
        "INVALID": 0,
        "MALICIOUS": 0,
        "SANE": 0,
        "VALID": 0,
        "total": 100.08747115284017
    }
}