{
    "counter": {
        "ACTIVE": 10085,
        "INACTIVE": 1785,
        "INVALID": 2,
        "MALICIOUS": 0,
        "SANE": 0,
        "VALID": 0,
        "total": 11872
    },
    "percentage": {
        "ACTIVE": 84.94777628032345,
        "INACTIVE": 15.041712311451926,
        "INVALID": 0.01726817475392851,
        "MALICIOUS": 0,
        "SANE": 0,
        "VALID": 0,
        "total": 100.0067567665293
    }
}