{
    "counter": {
        "ACTIVE": 9273,
        "INACTIVE": 1759,
        "INVALID": 0,
        "MALICIOUS": 0,
        "SANE": 0,
        "VALID": 0,
        "total": 11032
    },
    "percentage": {
        "ACTIVE": 84.05547498187092,
        "INACTIVE": 15.972033051847816,
        "INVALID": 0,
        "MALICIOUS": 0,
        "SANE": 0,
        "VALID": 0,
        "total": 100.02750803371873
    }
}