{
    "counter": {
        "ACTIVE": 11246,
        "INACTIVE": 2092,
        "INVALID": 4,
        "MALICIOUS": 0,
        "SANE": 0,
        "VALID": 0,
        "total": 13342
    },
    "percentage": {
        "ACTIVE": 84.2902113626143,
        "INACTIVE": 15.679808124718933,
        "INVALID": 0.0299805126667666,
        "MALICIOUS": 0.0,
        "SANE": 0.0,
        "VALID": 0.0,
        "total": 100.0
    }
}