{
    "counter": {
        "ACTIVE": 9179,
        "INACTIVE": 1750,
        "INVALID": 0,
        "MALICIOUS": 0,
        "SANE": 0,
        "VALID": 0,
        "total": 10929
    },
    "percentage": {
        "ACTIVE": 83.98755604355385,
        "INACTIVE": 16.133493131741496,
        "INVALID": 0,
        "MALICIOUS": 0,
        "SANE": 0,
        "VALID": 0,
        "total": 100.12104917529535
    }
}