{
    "counter": {
        "ACTIVE": 8130,
        "INACTIVE": 1722,
        "INVALID": 0,
        "MALICIOUS": 0,
        "SANE": 0,
        "VALID": 0,
        "total": 9852
    },
    "percentage": {
        "ACTIVE": 82.52131546894032,
        "INACTIVE": 17.51958490182114,
        "INVALID": 0,
        "MALICIOUS": 0,
        "SANE": 0,
        "VALID": 0,
        "total": 100.04090037076145
    }
}