{
    "counter": {
        "ACTIVE": 9384,
        "INACTIVE": 1760,
        "INVALID": 0,
        "MALICIOUS": 0,
        "SANE": 0,
        "VALID": 0,
        "total": 11144
    },
    "percentage": {
        "ACTIVE": 84.20674802584351,
        "INACTIVE": 15.946362236114886,
        "INVALID": 0,
        "MALICIOUS": 0,
        "SANE": 0,
        "VALID": 0,
        "total": 100.1531102619584
    }
}