{
    "counter": {
        "ACTIVE": 8378,
        "INACTIVE": 1724,
        "INVALID": 0,
        "MALICIOUS": 0,
        "SANE": 0,
        "VALID": 0,
        "total": 10102
    },
    "percentage": {
        "ACTIVE": 82.93407246089883,
        "INACTIVE": 17.22449795184334,
        "INVALID": 0,
        "MALICIOUS": 0,
        "SANE": 0,
        "VALID": 0,
        "total": 100.15857041274216
    }
}