{
    "counter": {
        "ACTIVE": 8002,
        "INACTIVE": 1719,
        "INVALID": 0,
        "MALICIOUS": 0,
        "SANE": 0,
        "VALID": 0,
        "total": 9721
    },
    "percentage": {
        "ACTIVE": 82.31663409114289,
        "INACTIVE": 17.738107522443503,
        "INVALID": 0,
        "MALICIOUS": 0,
        "SANE": 0,
        "VALID": 0,
        "total": 100.05474161358639
    }
}