{
    "counter": {
        "ACTIVE": 4160,
        "INACTIVE": 818,
        "INVALID": 0,
        "MALICIOUS": 0,
        "SANE": 0,
        "VALID": 0,
        "total": 4978
    },
    "percentage": {
        "ACTIVE": 83.56769787063078,
        "INACTIVE": 16.4521319388576,
        "INVALID": 0,
        "MALICIOUS": 0,
        "SANE": 0,
        "VALID": 0,
        "total": 100.01982980948839
    }
}