{
    "counter": {
        "ACTIVE": 2600,
        "INACTIVE": 617,
        "INVALID": 0,
        "MALICIOUS": 0,
        "SANE": 0,
        "VALID": 0,
        "total": 3217
    },
    "percentage": {
        "ACTIVE": 80.82064034815045,
        "INACTIVE": 19.197261978842565,
        "INVALID": 0,
        "MALICIOUS": 0,
        "SANE": 0,
        "VALID": 0,
        "total": 100.01790232699301
    }
}