{
    "counter": {
        "ACTIVE": 8126,
        "INACTIVE": 1722,
        "INVALID": 0,
        "MALICIOUS": 0,
        "SANE": 0,
        "VALID": 0,
        "total": 9848
    },
    "percentage": {
        "ACTIVE": 82.51421608448416,
        "INACTIVE": 17.51958490182114,
        "INVALID": 0,
        "MALICIOUS": 0,
        "SANE": 0,
        "VALID": 0,
        "total": 100.0338009863053
    }
}