{
    "counter": {
        "ACTIVE": 10709,
        "INACTIVE": 1861,
        "INVALID": 4,
        "MALICIOUS": 0,
        "SANE": 0,
        "VALID": 0,
        "total": 12574
    },
    "percentage": {
        "ACTIVE": 85.1678065850167,
        "INACTIVE": 14.801558896047085,
        "INVALID": 0.03235984143677696,
        "MALICIOUS": 0,
        "SANE": 0,
        "VALID": 0,
        "total": 100.00172532250056
    }
}