{
    "counter": {
        "ACTIVE": 9382,
        "INACTIVE": 1760,
        "INVALID": 0,
        "MALICIOUS": 0,
        "SANE": 0,
        "VALID": 0,
        "total": 11142
    },
    "percentage": {
        "ACTIVE": 84.20391312152216,
        "INACTIVE": 15.946362236114886,
        "INVALID": 0,
        "MALICIOUS": 0,
        "SANE": 0,
        "VALID": 0,
        "total": 100.15027535763704
    }
}