{
    "counter": {
        "ACTIVE": 8055,
        "INACTIVE": 1719,
        "INVALID": 0,
        "MALICIOUS": 0,
        "SANE": 0,
        "VALID": 0,
        "total": 9774
    },
    "percentage": {
        "ACTIVE": 82.41252302025782,
        "INACTIVE": 17.738107522443503,
        "INVALID": 0,
        "MALICIOUS": 0,
        "SANE": 0,
        "VALID": 0,
        "total": 100.15063054270132
    }
}