{
    "counter": {
        "ACTIVE": 6232,
        "INACTIVE": 1353,
        "INVALID": 0,
        "MALICIOUS": 0,
        "SANE": 0,
        "VALID": 0,
        "total": 7585
    },
    "percentage": {
        "ACTIVE": 82.16216216216216,
        "INACTIVE": 17.842542529341948,
        "INVALID": 0,
        "MALICIOUS": 0,
        "SANE": 0,
        "VALID": 0,
        "total": 100.00470469150412
    }
}