{
    "counter": {
        "ACTIVE": 8071,
        "INACTIVE": 1719,
        "INVALID": 0,
        "MALICIOUS": 0,
        "SANE": 0,
        "VALID": 0,
        "total": 9790
    },
    "percentage": {
        "ACTIVE": 82.44126659856997,
        "INACTIVE": 17.738107522443503,
        "INVALID": 0,
        "MALICIOUS": 0,
        "SANE": 0,
        "VALID": 0,
        "total": 100.17937412101347
    }
}