{
    "counter": {
        "ACTIVE": 7987,
        "INACTIVE": 1719,
        "INVALID": 0,
        "MALICIOUS": 0,
        "SANE": 0,
        "VALID": 0,
        "total": 9706
    },
    "percentage": {
        "ACTIVE": 82.28930558417474,
        "INACTIVE": 17.738107522443503,
        "INVALID": 0,
        "MALICIOUS": 0,
        "SANE": 0,
        "VALID": 0,
        "total": 100.02741310661824
    }
}