{
    "counter": {
        "ACTIVE": 9740,
        "INACTIVE": 1773,
        "INVALID": 0,
        "MALICIOUS": 0,
        "SANE": 0,
        "VALID": 0,
        "total": 11513
    },
    "percentage": {
        "ACTIVE": 84.60001737166681,
        "INACTIVE": 15.40533495525241,
        "INVALID": 0,
        "MALICIOUS": 0,
        "SANE": 0,
        "VALID": 0,
        "total": 100.00535232691922
    }
}