{
    "counter": {
        "ACTIVE": 9222,
        "INACTIVE": 1753,
        "INVALID": 0,
        "MALICIOUS": 0,
        "SANE": 0,
        "VALID": 0,
        "total": 10975
    },
    "percentage": {
        "ACTIVE": 84.02733485193622,
        "INACTIVE": 16.003286470695635,
        "INVALID": 0,
        "MALICIOUS": 0,
        "SANE": 0,
        "VALID": 0,
        "total": 100.03062132263184
    }
}