{
    "counter": {
        "ACTIVE": 7717,
        "INACTIVE": 1700,
        "INVALID": 0,
        "MALICIOUS": 0,
        "SANE": 0,
        "VALID": 0,
        "total": 9417
    },
    "percentage": {
        "ACTIVE": 81.94754167994053,
        "INACTIVE": 18.06396769737541,
        "INVALID": 0,
        "MALICIOUS": 0,
        "SANE": 0,
        "VALID": 0,
        "total": 100.01150937731595
    }
}