{
    "counter": {
        "ACTIVE": 10763,
        "INACTIVE": 1970,
        "INVALID": 4,
        "MALICIOUS": 0,
        "SANE": 0,
        "VALID": 0,
        "total": 12737
    },
    "percentage": {
        "ACTIVE": 84.50184501845018,
        "INACTIVE": 15.467964824120603,
        "INVALID": 0.03235984143677696,
        "MALICIOUS": 0,
        "SANE": 0,
        "VALID": 0,
        "total": 100.00216968400755
    }
}