{
    "counter": {
        "ACTIVE": 7946,
        "INACTIVE": 1718,
        "INVALID": 0,
        "MALICIOUS": 0,
        "SANE": 0,
        "VALID": 0,
        "total": 9664
    },
    "percentage": {
        "ACTIVE": 82.2226821192053,
        "INACTIVE": 17.880932556203163,
        "INVALID": 0,
        "MALICIOUS": 0,
        "SANE": 0,
        "VALID": 0,
        "total": 100.10361467540847
    }
}