{
    "counter": {
        "ACTIVE": 2345,
        "INACTIVE": 459,
        "INVALID": 0,
        "MALICIOUS": 0,
        "SANE": 0,
        "VALID": 0,
        "total": 2804
    },
    "percentage": {
        "ACTIVE": 83.69022127052105,
        "INACTIVE": 16.36947218259629,
        "INVALID": 0,
        "MALICIOUS": 0,
        "SANE": 0,
        "VALID": 0,
        "total": 100.05969345311735
    }
}