{
    "counter": {
        "ACTIVE": 7821,
        "INACTIVE": 1712,
        "INVALID": 0,
        "MALICIOUS": 0,
        "SANE": 0,
        "VALID": 0,
        "total": 9533
    },
    "percentage": {
        "ACTIVE": 82.04133011643763,
        "INACTIVE": 17.962438359038927,
        "INVALID": 0,
        "MALICIOUS": 0,
        "SANE": 0,
        "VALID": 0,
        "total": 100.00376847547656
    }
}