{
    "counter": {
        "ACTIVE": 6555,
        "INACTIVE": 1533,
        "INVALID": 0,
        "MALICIOUS": 0,
        "SANE": 0,
        "VALID": 0,
        "total": 8088
    },
    "percentage": {
        "ACTIVE": 81.0459940652819,
        "INACTIVE": 18.96573054558951,
        "INVALID": 0,
        "MALICIOUS": 0,
        "SANE": 0,
        "VALID": 0,
        "total": 100.01172461087141
    }
}