{
    "counter": {
        "ACTIVE": 8604,
        "INACTIVE": 1726,
        "INVALID": 0,
        "MALICIOUS": 0,
        "SANE": 0,
        "VALID": 0,
        "total": 10330
    },
    "percentage": {
        "ACTIVE": 83.29138431752177,
        "INACTIVE": 16.84066738218363,
        "INVALID": 0,
        "MALICIOUS": 0,
        "SANE": 0,
        "VALID": 0,
        "total": 100.1320516997054
    }
}