{
    "counter": {
        "ACTIVE": 8474,
        "INACTIVE": 1724,
        "INVALID": 0,
        "MALICIOUS": 0,
        "SANE": 0,
        "VALID": 0,
        "total": 10198
    },
    "percentage": {
        "ACTIVE": 83.09472445577565,
        "INACTIVE": 17.22449795184334,
        "INVALID": 0,
        "MALICIOUS": 0,
        "SANE": 0,
        "VALID": 0,
        "total": 100.31922240761898
    }
}