{
    "counter": {
        "ACTIVE": 10540,
        "INACTIVE": 1802,
        "INVALID": 2,
        "MALICIOUS": 0,
        "SANE": 0,
        "VALID": 0,
        "total": 12344
    },
    "percentage": {
        "ACTIVE": 85.38561244329229,
        "INACTIVE": 14.601734057207683,
        "INVALID": 0.01726817475392851,
        "MALICIOUS": 0,
        "SANE": 0,
        "VALID": 0,
        "total": 100.00461467525389
    }
}