{
    "counter": {
        "ACTIVE": 9320,
        "INACTIVE": 1760,
        "INVALID": 0,
        "MALICIOUS": 0,
        "SANE": 0,
        "VALID": 0,
        "total": 11080
    },
    "percentage": {
        "ACTIVE": 84.11552346570397,
        "INACTIVE": 15.946362236114886,
        "INVALID": 0,
        "MALICIOUS": 0,
        "SANE": 0,
        "VALID": 0,
        "total": 100.06188570181885
    }
}