{
    "counter": {
        "ACTIVE": 9278,
        "INACTIVE": 1760,
        "INVALID": 0,
        "MALICIOUS": 0,
        "SANE": 0,
        "VALID": 0,
        "total": 11038
    },
    "percentage": {
        "ACTIVE": 84.05508244247146,
        "INACTIVE": 15.946362236114886,
        "INVALID": 0,
        "MALICIOUS": 0,
        "SANE": 0,
        "VALID": 0,
        "total": 100.00144467858635
    }
}