{
    "counter": {
        "ACTIVE": 8998,
        "INACTIVE": 1747,
        "INVALID": 0,
        "MALICIOUS": 0,
        "SANE": 0,
        "VALID": 0,
        "total": 10745
    },
    "percentage": {
        "ACTIVE": 83.74127501163332,
        "INACTIVE": 16.267808920756124,
        "INVALID": 0,
        "MALICIOUS": 0,
        "SANE": 0,
        "VALID": 0,
        "total": 100.00908393238944
    }
}