{
    "counter": {
        "ACTIVE": 11085,
        "INACTIVE": 2079,
        "INVALID": 4,
        "MALICIOUS": 0,
        "SANE": 0,
        "VALID": 0,
        "total": 13168
    },
    "percentage": {
        "ACTIVE": 84.18134872417983,
        "INACTIVE": 15.811088295687885,
        "INVALID": 0.03235984143677696,
        "MALICIOUS": 0,
        "SANE": 0,
        "VALID": 0,
        "total": 100.02479686130448
    }
}