{
    "counter": {
        "ACTIVE": 8783,
        "INACTIVE": 1746,
        "INVALID": 0,
        "MALICIOUS": 0,
        "SANE": 0,
        "VALID": 0,
        "total": 10529
    },
    "percentage": {
        "ACTIVE": 83.4172286067053,
        "INACTIVE": 16.625404684821937,
        "INVALID": 0,
        "MALICIOUS": 0,
        "SANE": 0,
        "VALID": 0,
        "total": 100.04263329152724
    }
}