{
    "counter": {
        "ACTIVE": 10711,
        "INACTIVE": 1862,
        "INVALID": 4,
        "MALICIOUS": 0,
        "SANE": 0,
        "VALID": 0,
        "total": 12577
    },
    "percentage": {
        "ACTIVE": 85.17016539440203,
        "INACTIVE": 14.804802417110599,
        "INVALID": 0.03235984143677696,
        "MALICIOUS": 0,
        "SANE": 0,
        "VALID": 0,
        "total": 100.0073276529494
    }
}