{
    "counter": {
        "ACTIVE": 145,
        "INACTIVE": 1,
        "INVALID": 0,
        "MALICIOUS": 0,
        "SANE": 0,
        "VALID": 0,
        "total": 146
    },
    "percentage": {
        "ACTIVE": 99.31506849315069,
        "INACTIVE": 11.11111111111111,
        "INVALID": 0,
        "MALICIOUS": 0,
        "SANE": 0,
        "VALID": 0,
        "total": 110.4261796042618
    }
}