{
    "counter": {
        "ACTIVE": 9653,
        "INACTIVE": 1769,
        "INVALID": 0,
        "MALICIOUS": 0,
        "SANE": 0,
        "VALID": 0,
        "total": 11422
    },
    "percentage": {
        "ACTIVE": 84.51974433061903,
        "INACTIVE": 15.487655401856067,
        "INVALID": 0,
        "MALICIOUS": 0,
        "SANE": 0,
        "VALID": 0,
        "total": 100.00739973247511
    }
}