{
    "counter": {
        "ACTIVE": 8977,
        "INACTIVE": 1746,
        "INVALID": 0,
        "MALICIOUS": 0,
        "SANE": 0,
        "VALID": 0,
        "total": 10723
    },
    "percentage": {
        "ACTIVE": 83.71724330877552,
        "INACTIVE": 16.625404684821937,
        "INVALID": 0,
        "MALICIOUS": 0,
        "SANE": 0,
        "VALID": 0,
        "total": 100.34264799359747
    }
}