{
    "counter": {
        "ACTIVE": 9941,
        "INACTIVE": 1779,
        "INVALID": 2,
        "MALICIOUS": 0,
        "SANE": 0,
        "VALID": 0,
        "total": 11722
    },
    "percentage": {
        "ACTIVE": 84.80634703975431,
        "INACTIVE": 15.250750107158165,
        "INVALID": 0.01726817475392851,
        "MALICIOUS": 0,
        "SANE": 0,
        "VALID": 0,
        "total": 100.0743653216664
    }
}