{
    "counter": {
        "ACTIVE": 9059,
        "INACTIVE": 1749,
        "INVALID": 0,
        "MALICIOUS": 0,
        "SANE": 0,
        "VALID": 0,
        "total": 10808
    },
    "percentage": {
        "ACTIVE": 83.81754256106588,
        "INACTIVE": 16.191446028513237,
        "INVALID": 0,
        "MALICIOUS": 0,
        "SANE": 0,
        "VALID": 0,
        "total": 100.00898858957912
    }
}