{
    "counter": {
        "ACTIVE": 8907,
        "INACTIVE": 1746,
        "INVALID": 0,
        "MALICIOUS": 0,
        "SANE": 0,
        "VALID": 0,
        "total": 10653
    },
    "percentage": {
        "ACTIVE": 83.61025063362433,
        "INACTIVE": 16.625404684821937,
        "INVALID": 0,
        "MALICIOUS": 0,
        "SANE": 0,
        "VALID": 0,
        "total": 100.23565531844628
    }
}