{
    "counter": {
        "ACTIVE": 9369,
        "INACTIVE": 1760,
        "INVALID": 0,
        "MALICIOUS": 0,
        "SANE": 0,
        "VALID": 0,
        "total": 11129
    },
    "percentage": {
        "ACTIVE": 84.18546140713451,
        "INACTIVE": 15.946362236114886,
        "INVALID": 0,
        "MALICIOUS": 0,
        "SANE": 0,
        "VALID": 0,
        "total": 100.13182364324939
    }
}