{
    "counter": {
        "ACTIVE": 9151,
        "INACTIVE": 1750,
        "INVALID": 0,
        "MALICIOUS": 0,
        "SANE": 0,
        "VALID": 0,
        "total": 10901
    },
    "percentage": {
        "ACTIVE": 83.94642693330887,
        "INACTIVE": 16.133493131741496,
        "INVALID": 0,
        "MALICIOUS": 0,
        "SANE": 0,
        "VALID": 0,
        "total": 100.07992006505037
    }
}