{
    "counter": {
        "ACTIVE": 7917,
        "INACTIVE": 1718,
        "INVALID": 0,
        "MALICIOUS": 0,
        "SANE": 0,
        "VALID": 0,
        "total": 9635
    },
    "percentage": {
        "ACTIVE": 82.1691748832382,
        "INACTIVE": 17.880932556203163,
        "INVALID": 0,
        "MALICIOUS": 0,
        "SANE": 0,
        "VALID": 0,
        "total": 100.05010743944136
    }
}