{
    "counter": {
        "ACTIVE": 11131,
        "INACTIVE": 2081,
        "INVALID": 4,
        "MALICIOUS": 0,
        "SANE": 0,
        "VALID": 0,
        "total": 13216
    },
    "percentage": {
        "ACTIVE": 84.22366828087166,
        "INACTIVE": 15.778300098566987,
        "INVALID": 0.03235984143677696,
        "MALICIOUS": 0,
        "SANE": 0,
        "VALID": 0,
        "total": 100.03432822087542
    }
}