{
    "counter": {
        "ACTIVE": 7966,
        "INACTIVE": 1718,
        "INVALID": 0,
        "MALICIOUS": 0,
        "SANE": 0,
        "VALID": 0,
        "total": 9684
    },
    "percentage": {
        "ACTIVE": 82.25939694341182,
        "INACTIVE": 17.880932556203163,
        "INVALID": 0,
        "MALICIOUS": 0,
        "SANE": 0,
        "VALID": 0,
        "total": 100.14032949961498
    }
}