{
    "counter": {
        "ACTIVE": 10542,
        "INACTIVE": 1802,
        "INVALID": 2,
        "MALICIOUS": 0,
        "SANE": 0,
        "VALID": 0,
        "total": 12346
    },
    "percentage": {
        "ACTIVE": 85.38797991252227,
        "INACTIVE": 14.601734057207683,
        "INVALID": 0.01726817475392851,
        "MALICIOUS": 0,
        "SANE": 0,
        "VALID": 0,
        "total": 100.00698214448387
    }
}