{
    "counter": {
        "ACTIVE": 8200,
        "INACTIVE": 1723,
        "INVALID": 0,
        "MALICIOUS": 0,
        "SANE": 0,
        "VALID": 0,
        "total": 9923
    },
    "percentage": {
        "ACTIVE": 82.63629950619772,
        "INACTIVE": 17.48173701298701,
        "INVALID": 0,
        "MALICIOUS": 0,
        "SANE": 0,
        "VALID": 0,
        "total": 100.11803651918473
    }
}