{
    "counter": {
        "ACTIVE": 8398,
        "INACTIVE": 1724,
        "INVALID": 0,
        "MALICIOUS": 0,
        "SANE": 0,
        "VALID": 0,
        "total": 10122
    },
    "percentage": {
        "ACTIVE": 82.96779292629915,
        "INACTIVE": 17.22449795184334,
        "INVALID": 0,
        "MALICIOUS": 0,
        "SANE": 0,
        "VALID": 0,
        "total": 100.1922908781425
    }
}