{
    "counter": {
        "ACTIVE": 10856,
        "INACTIVE": 2074,
        "INVALID": 4,
        "MALICIOUS": 0,
        "SANE": 0,
        "VALID": 0,
        "total": 12934
    },
    "percentage": {
        "ACTIVE": 83.93381784444101,
        "INACTIVE": 16.038976103936278,
        "INVALID": 0.03235984143677696,
        "MALICIOUS": 0,
        "SANE": 0,
        "VALID": 0,
        "total": 100.00515378981406
    }
}