{
    "counter": {
        "ACTIVE": 8034,
        "INACTIVE": 1719,
        "INVALID": 0,
        "MALICIOUS": 0,
        "SANE": 0,
        "VALID": 0,
        "total": 9753
    },
    "percentage": {
        "ACTIVE": 82.37465395262996,
        "INACTIVE": 17.738107522443503,
        "INVALID": 0,
        "MALICIOUS": 0,
        "SANE": 0,
        "VALID": 0,
        "total": 100.11276147507346
    }
}