{
    "counter": {
        "ACTIVE": 11337,
        "INACTIVE": 2108,
        "INVALID": 4,
        "MALICIOUS": 0,
        "SANE": 0,
        "VALID": 0,
        "total": 13449
    },
    "percentage": {
        "ACTIVE": 84.29623020298907,
        "INACTIVE": 15.674027808759016,
        "INVALID": 0.02974198825191464,
        "MALICIOUS": 0.0,
        "SANE": 0.0,
        "VALID": 0.0,
        "total": 100.0
    }
}