{
    "counter": {
        "ACTIVE": 9542,
        "INACTIVE": 1767,
        "INVALID": 0,
        "MALICIOUS": 0,
        "SANE": 0,
        "VALID": 0,
        "total": 11309
    },
    "percentage": {
        "ACTIVE": 84.37527632858784,
        "INACTIVE": 15.684360021303036,
        "INVALID": 0,
        "MALICIOUS": 0,
        "SANE": 0,
        "VALID": 0,
        "total": 100.05963634989088
    }
}